b1c809a9-342d-11f0-bcdd-f020ff802329,"{'run_info': ['StandardGSGP', UUID('b1c809a9-342d-11f0-bcdd-f020ff802329'), 'sustavianfeed'], 'reconstruct': True, 'n_jobs': 1, 'n_iter': 20, 'elitism': True, 'n_elites': 2, 'log': 2, 'verbose': 1, 'ffunction': <function rmse at 0x0000029AEB200F40>, 'test_elite': True, 'log_path': './results/GSGP/logs_best_params_fold_1', 'selector': <function tournament_selection_min.<locals>.ts at 0x0000029A858BCCC0>, 'crossover': <function geometric_crossover at 0x0000029AEB1E6F20>, 'mutator': <function standard_geometric_mutation at 0x0000029AEB200B80>, 'settings_dict': {'p_test': 0.2}, 'find_elit_func': <function get_best_min at 0x0000029AEB1E7CE0>, 'pop_size': 200, 'p_xo': 0.7, 'seed': 1111, 'initializer': <function rhh at 0x0000029AEB200720>, 'p_m': 0.30000000000000004, 'ms': <function generate_random_uniform.<locals>.generate_num at 0x0000029ABA66B4C0>, 'FUNCTIONS': {'add': {'function': <built-in method add of type object at 0x00007FFDE46CF450>, 'arity': 2}, 'subtract': {'function': <built-in method sub of type object at 0x00007FFDE46CF450>, 'arity': 2}}, 'CONSTANTS': {'constant_0.21760077176688164': <function gsgp.<locals>.<lambda> at 0x0000029AEB1E5580>, 'constant_0.3443807346030824': <function gsgp.<locals>.<lambda> at 0x0000029AEC863C40>, 'constant_0.6422536234699076': <function gsgp.<locals>.<lambda> at 0x0000029AEC860680>, 'constant_0.36413206493253214': <function gsgp.<locals>.<lambda> at 0x0000029AEC860C20>, 'constant_0.08358916437841302': <function gsgp.<locals>.<lambda> at 0x0000029AEC860540>, 'constant_0.5040914040192876': <function gsgp.<locals>.<lambda> at 0x0000029AEC861760>, 'constant_0.18743462930144428': <function gsgp.<locals>.<lambda> at 0x0000029AEC862840>, 'constant_0.8842252761132199': <function gsgp.<locals>.<lambda> at 0x0000029AEC862FC0>, 'constant_0.33821341140965044': <function gsgp.<locals>.<lambda> at 0x0000029AEC8628E0>, 'constant__1.0': <function gsgp.<locals>.<lambda> at 0x0000029AEC860220>}, 'p_c': 0.9, 'init_depth': 4, 'init_pop_size': 200, 'p_test': 0.2}"
f3d49e8e-342d-11f0-a511-f020ff802329,"{'run_info': ['StandardGSGP', UUID('f3d49e8e-342d-11f0-a511-f020ff802329'), 'sustavianfeed'], 'reconstruct': True, 'n_jobs': 1, 'n_iter': 20, 'elitism': True, 'n_elites': 2, 'log': 2, 'verbose': 1, 'ffunction': <function rmse at 0x0000029AEB200F40>, 'test_elite': True, 'log_path': './results/GSGP/logs_best_params_fold_2', 'selector': <function tournament_selection_min.<locals>.ts at 0x0000029ABCD7B100>, 'crossover': <function geometric_crossover at 0x0000029AEB1E6F20>, 'mutator': <function standard_geometric_mutation at 0x0000029AEB200B80>, 'settings_dict': {'p_test': 0.2}, 'find_elit_func': <function get_best_min at 0x0000029AEB1E7CE0>, 'pop_size': 200, 'p_xo': 0.7, 'seed': 1111, 'initializer': <function rhh at 0x0000029AEB200720>, 'p_m': 0.30000000000000004, 'ms': <function generate_random_uniform.<locals>.generate_num at 0x0000029AEB1E5580>, 'FUNCTIONS': {'add': {'function': <built-in method add of type object at 0x00007FFDE46CF450>, 'arity': 2}, 'subtract': {'function': <built-in method sub of type object at 0x00007FFDE46CF450>, 'arity': 2}}, 'CONSTANTS': {'constant_0.21760077176688164': <function gsgp.<locals>.<lambda> at 0x0000029A87DAFC40>, 'constant_0.3443807346030824': <function gsgp.<locals>.<lambda> at 0x0000029AEAF51080>, 'constant_0.6422536234699076': <function gsgp.<locals>.<lambda> at 0x0000029AEAF539C0>, 'constant_0.36413206493253214': <function gsgp.<locals>.<lambda> at 0x0000029AEB25EAC0>, 'constant_0.08358916437841302': <function gsgp.<locals>.<lambda> at 0x0000029AEB25F420>, 'constant_0.5040914040192876': <function gsgp.<locals>.<lambda> at 0x0000029AEC844040>, 'constant_0.18743462930144428': <function gsgp.<locals>.<lambda> at 0x0000029AEC844180>, 'constant_0.8842252761132199': <function gsgp.<locals>.<lambda> at 0x0000029AEC844220>, 'constant_0.33821341140965044': <function gsgp.<locals>.<lambda> at 0x0000029AEC844A40>, 'constant__1.0': <function gsgp.<locals>.<lambda> at 0x0000029AEC8445E0>}, 'p_c': 0.9, 'init_depth': 4, 'init_pop_size': 200, 'p_test': 0.2}"
283d8c43-342e-11f0-8d75-f020ff802329,"{'run_info': ['StandardGSGP', UUID('283d8c43-342e-11f0-8d75-f020ff802329'), 'sustavianfeed'], 'reconstruct': True, 'n_jobs': 1, 'n_iter': 20, 'elitism': True, 'n_elites': 2, 'log': 2, 'verbose': 1, 'ffunction': <function rmse at 0x0000029AEB200F40>, 'test_elite': True, 'log_path': './results/GSGP/logs_best_params_fold_3', 'selector': <function tournament_selection_min.<locals>.ts at 0x0000029AEC5160C0>, 'crossover': <function geometric_crossover at 0x0000029AEB1E6F20>, 'mutator': <function standard_geometric_mutation at 0x0000029AEB200B80>, 'settings_dict': {'p_test': 0.2}, 'find_elit_func': <function get_best_min at 0x0000029AEB1E7CE0>, 'pop_size': 200, 'p_xo': 0.7, 'seed': 1111, 'initializer': <function rhh at 0x0000029AEB200720>, 'p_m': 0.30000000000000004, 'ms': <function generate_random_uniform.<locals>.generate_num at 0x0000029AEB25F420>, 'FUNCTIONS': {'add': {'function': <built-in method add of type object at 0x00007FFDE46CF450>, 'arity': 2}, 'subtract': {'function': <built-in method sub of type object at 0x00007FFDE46CF450>, 'arity': 2}}, 'CONSTANTS': {'constant_0.21760077176688164': <function gsgp.<locals>.<lambda> at 0x0000029AEB25EAC0>, 'constant_0.3443807346030824': <function gsgp.<locals>.<lambda> at 0x0000029A87DAFC40>, 'constant_0.6422536234699076': <function gsgp.<locals>.<lambda> at 0x0000029AEB201440>, 'constant_0.36413206493253214': <function gsgp.<locals>.<lambda> at 0x0000029ABCD7B100>, 'constant_0.08358916437841302': <function gsgp.<locals>.<lambda> at 0x0000029AEAF539C0>, 'constant_0.5040914040192876': <function gsgp.<locals>.<lambda> at 0x0000029AEAF51080>, 'constant_0.18743462930144428': <function gsgp.<locals>.<lambda> at 0x0000029AEAF53A60>, 'constant_0.8842252761132199': <function gsgp.<locals>.<lambda> at 0x0000029AEC59C9A0>, 'constant_0.33821341140965044': <function gsgp.<locals>.<lambda> at 0x0000029AEC59CA40>, 'constant__1.0': <function gsgp.<locals>.<lambda> at 0x0000029AEC59F920>}, 'p_c': 0.9, 'init_depth': 4, 'init_pop_size': 200, 'p_test': 0.2}"
5b021810-342e-11f0-8d75-f020ff802329,"{'run_info': ['StandardGSGP', UUID('5b021810-342e-11f0-8d75-f020ff802329'), 'sustavianfeed'], 'reconstruct': True, 'n_jobs': 1, 'n_iter': 20, 'elitism': True, 'n_elites': 2, 'log': 2, 'verbose': 1, 'ffunction': <function rmse at 0x0000029AEB200F40>, 'test_elite': True, 'log_path': './results/GSGP/logs_best_params_fold_4', 'selector': <function tournament_selection_min.<locals>.ts at 0x0000029AEC73FD80>, 'crossover': <function geometric_crossover at 0x0000029AEB1E6F20>, 'mutator': <function standard_geometric_mutation at 0x0000029AEB200B80>, 'settings_dict': {'p_test': 0.2}, 'find_elit_func': <function get_best_min at 0x0000029AEB1E7CE0>, 'pop_size': 200, 'p_xo': 0.7, 'seed': 1111, 'initializer': <function rhh at 0x0000029AEB200720>, 'p_m': 0.30000000000000004, 'ms': <function generate_random_uniform.<locals>.generate_num at 0x0000029AEAF53A60>, 'FUNCTIONS': {'add': {'function': <built-in method add of type object at 0x00007FFDE46CF450>, 'arity': 2}, 'subtract': {'function': <built-in method sub of type object at 0x00007FFDE46CF450>, 'arity': 2}}, 'CONSTANTS': {'constant_0.21760077176688164': <function gsgp.<locals>.<lambda> at 0x0000029AEAF51080>, 'constant_0.3443807346030824': <function gsgp.<locals>.<lambda> at 0x0000029AEAF539C0>, 'constant_0.6422536234699076': <function gsgp.<locals>.<lambda> at 0x0000029ABCD7B100>, 'constant_0.36413206493253214': <function gsgp.<locals>.<lambda> at 0x0000029AEB201440>, 'constant_0.08358916437841302': <function gsgp.<locals>.<lambda> at 0x0000029A87DAFC40>, 'constant_0.5040914040192876': <function gsgp.<locals>.<lambda> at 0x0000029ABE992020>, 'constant_0.18743462930144428': <function gsgp.<locals>.<lambda> at 0x0000029AEC73D9E0>, 'constant_0.8842252761132199': <function gsgp.<locals>.<lambda> at 0x0000029AEC73FF60>, 'constant_0.33821341140965044': <function gsgp.<locals>.<lambda> at 0x0000029AEC73FEC0>, 'constant__1.0': <function gsgp.<locals>.<lambda> at 0x0000029AEC73FE20>}, 'p_c': 0.9, 'init_depth': 4, 'init_pop_size': 200, 'p_test': 0.2}"
8fd7becf-342e-11f0-8d75-f020ff802329,"{'run_info': ['StandardGSGP', UUID('8fd7becf-342e-11f0-8d75-f020ff802329'), 'sustavianfeed'], 'reconstruct': True, 'n_jobs': 1, 'n_iter': 20, 'elitism': True, 'n_elites': 2, 'log': 2, 'verbose': 1, 'ffunction': <function rmse at 0x0000029AEB200F40>, 'test_elite': True, 'log_path': './results/GSGP/logs_best_params_fold_5', 'selector': <function tournament_selection_min.<locals>.ts at 0x0000029AEB1E5580>, 'crossover': <function geometric_crossover at 0x0000029AEB1E6F20>, 'mutator': <function standard_geometric_mutation at 0x0000029AEB200B80>, 'settings_dict': {'p_test': 0.2}, 'find_elit_func': <function get_best_min at 0x0000029AEB1E7CE0>, 'pop_size': 200, 'p_xo': 0.7, 'seed': 1111, 'initializer': <function rhh at 0x0000029AEB200720>, 'p_m': 0.30000000000000004, 'ms': <function generate_random_uniform.<locals>.generate_num at 0x0000029ABE992020>, 'FUNCTIONS': {'add': {'function': <built-in method add of type object at 0x00007FFDE46CF450>, 'arity': 2}, 'subtract': {'function': <built-in method sub of type object at 0x00007FFDE46CF450>, 'arity': 2}}, 'CONSTANTS': {'constant_0.21760077176688164': <function gsgp.<locals>.<lambda> at 0x0000029A87DAFC40>, 'constant_0.3443807346030824': <function gsgp.<locals>.<lambda> at 0x0000029AEB201440>, 'constant_0.6422536234699076': <function gsgp.<locals>.<lambda> at 0x0000029ABCD7B100>, 'constant_0.36413206493253214': <function gsgp.<locals>.<lambda> at 0x0000029A8AFF19E0>, 'constant_0.08358916437841302': <function gsgp.<locals>.<lambda> at 0x0000029AEC56B7E0>, 'constant_0.5040914040192876': <function gsgp.<locals>.<lambda> at 0x0000029AEC56B1A0>, 'constant_0.18743462930144428': <function gsgp.<locals>.<lambda> at 0x0000029AEC56B380>, 'constant_0.8842252761132199': <function gsgp.<locals>.<lambda> at 0x0000029AEC56B240>, 'constant_0.33821341140965044': <function gsgp.<locals>.<lambda> at 0x0000029ABA66B4C0>, 'constant__1.0': <function gsgp.<locals>.<lambda> at 0x0000029AEC73FE20>}, 'p_c': 0.9, 'init_depth': 4, 'init_pop_size': 200, 'p_test': 0.2}"
d95d7f0b-342e-11f0-8e96-f020ff802329,"{'run_info': ['StandardGSGP', UUID('d95d7f0b-342e-11f0-8e96-f020ff802329'), 'sustavianfeed'], 'reconstruct': True, 'n_jobs': 1, 'n_iter': 20, 'elitism': True, 'n_elites': 2, 'log': 2, 'verbose': 1, 'ffunction': <function rmse at 0x0000029AEB200F40>, 'test_elite': True, 'log_path': './results/GSGP/logs_best_params_fold_6', 'selector': <function tournament_selection_min.<locals>.ts at 0x0000029AEB1E5580>, 'crossover': <function geometric_crossover at 0x0000029AEB1E6F20>, 'mutator': <function standard_geometric_mutation at 0x0000029AEB200B80>, 'settings_dict': {'p_test': 0.2}, 'find_elit_func': <function get_best_min at 0x0000029AEB1E7CE0>, 'pop_size': 200, 'p_xo': 0.7, 'seed': 1111, 'initializer': <function grow at 0x0000029AEB2005E0>, 'p_m': 0.30000000000000004, 'ms': <function generate_random_uniform.<locals>.generate_num at 0x0000029ABA66B4C0>, 'FUNCTIONS': {'add': {'function': <built-in method add of type object at 0x00007FFDE46CF450>, 'arity': 2}, 'subtract': {'function': <built-in method sub of type object at 0x00007FFDE46CF450>, 'arity': 2}}, 'CONSTANTS': {'constant_0.21760077176688164': <function gsgp.<locals>.<lambda> at 0x0000029AEC56B240>, 'constant_0.3443807346030824': <function gsgp.<locals>.<lambda> at 0x0000029AEC56B380>, 'constant_0.6422536234699076': <function gsgp.<locals>.<lambda> at 0x0000029AEC56B1A0>, 'constant_0.36413206493253214': <function gsgp.<locals>.<lambda> at 0x0000029AEC56B7E0>, 'constant_0.08358916437841302': <function gsgp.<locals>.<lambda> at 0x0000029A8AFF19E0>, 'constant_0.5040914040192876': <function gsgp.<locals>.<lambda> at 0x0000029ABCD7B100>, 'constant_0.18743462930144428': <function gsgp.<locals>.<lambda> at 0x0000029AEB201440>, 'constant_0.8842252761132199': <function gsgp.<locals>.<lambda> at 0x0000029A87DAFC40>, 'constant_0.33821341140965044': <function gsgp.<locals>.<lambda> at 0x0000029AEAF51080>, 'constant__1.0': <function gsgp.<locals>.<lambda> at 0x0000029AEAF53A60>}, 'p_c': 0.9, 'init_depth': 4, 'init_pop_size': 200, 'p_test': 0.2}"
1ec60b7c-342f-11f0-af95-f020ff802329,"{'run_info': ['StandardGSGP', UUID('1ec60b7c-342f-11f0-af95-f020ff802329'), 'sustavianfeed'], 'reconstruct': True, 'n_jobs': 1, 'n_iter': 20, 'elitism': True, 'n_elites': 2, 'log': 2, 'verbose': 1, 'ffunction': <function rmse at 0x0000029AEB200F40>, 'test_elite': True, 'log_path': './results/GSGP/logs_best_params_fold_7', 'selector': <function tournament_selection_min.<locals>.ts at 0x0000029AEC5160C0>, 'crossover': <function geometric_crossover at 0x0000029AEB1E6F20>, 'mutator': <function standard_geometric_mutation at 0x0000029AEB200B80>, 'settings_dict': {'p_test': 0.2}, 'find_elit_func': <function get_best_min at 0x0000029AEB1E7CE0>, 'pop_size': 200, 'p_xo': 0.7, 'seed': 1111, 'initializer': <function grow at 0x0000029AEB2005E0>, 'p_m': 0.30000000000000004, 'ms': <function generate_random_uniform.<locals>.generate_num at 0x0000029A87DAFC40>, 'FUNCTIONS': {'add': {'function': <built-in method add of type object at 0x00007FFDE46CF450>, 'arity': 2}, 'subtract': {'function': <built-in method sub of type object at 0x00007FFDE46CF450>, 'arity': 2}}, 'CONSTANTS': {'constant_0.21760077176688164': <function gsgp.<locals>.<lambda> at 0x0000029AEB201440>, 'constant_0.3443807346030824': <function gsgp.<locals>.<lambda> at 0x0000029ABCD7B100>, 'constant_0.6422536234699076': <function gsgp.<locals>.<lambda> at 0x0000029A8AFF19E0>, 'constant_0.36413206493253214': <function gsgp.<locals>.<lambda> at 0x0000029AEC56B7E0>, 'constant_0.08358916437841302': <function gsgp.<locals>.<lambda> at 0x0000029AEC56B1A0>, 'constant_0.5040914040192876': <function gsgp.<locals>.<lambda> at 0x0000029AEC56B380>, 'constant_0.18743462930144428': <function gsgp.<locals>.<lambda> at 0x0000029AEC56B240>, 'constant_0.8842252761132199': <function gsgp.<locals>.<lambda> at 0x0000029AEAF53A60>, 'constant_0.33821341140965044': <function gsgp.<locals>.<lambda> at 0x0000029AEAF51080>, 'constant__1.0': <function gsgp.<locals>.<lambda> at 0x0000029AEAF539C0>}, 'p_c': 0.9, 'init_depth': 4, 'init_pop_size': 200, 'p_test': 0.2}"
60ec4341-342f-11f0-8d75-f020ff802329,"{'run_info': ['StandardGSGP', UUID('60ec4341-342f-11f0-8d75-f020ff802329'), 'sustavianfeed'], 'reconstruct': True, 'n_jobs': 1, 'n_iter': 20, 'elitism': True, 'n_elites': 2, 'log': 2, 'verbose': 1, 'ffunction': <function rmse at 0x0000029AEB200F40>, 'test_elite': True, 'log_path': './results/GSGP/logs_best_params_fold_8', 'selector': <function tournament_selection_min.<locals>.ts at 0x0000029ABE9920C0>, 'crossover': <function geometric_crossover at 0x0000029AEB1E6F20>, 'mutator': <function standard_geometric_mutation at 0x0000029AEB200B80>, 'settings_dict': {'p_test': 0.2}, 'find_elit_func': <function get_best_min at 0x0000029AEB1E7CE0>, 'pop_size': 200, 'p_xo': 0.7, 'seed': 1111, 'initializer': <function rhh at 0x0000029AEB200720>, 'p_m': 0.30000000000000004, 'ms': <function generate_random_uniform.<locals>.generate_num at 0x0000029AEAF539C0>, 'FUNCTIONS': {'add': {'function': <built-in method add of type object at 0x00007FFDE46CF450>, 'arity': 2}, 'subtract': {'function': <built-in method sub of type object at 0x00007FFDE46CF450>, 'arity': 2}}, 'CONSTANTS': {'constant_0.21760077176688164': <function gsgp.<locals>.<lambda> at 0x0000029AEAF51080>, 'constant_0.3443807346030824': <function gsgp.<locals>.<lambda> at 0x0000029AEAF53A60>, 'constant_0.6422536234699076': <function gsgp.<locals>.<lambda> at 0x0000029AEC56B240>, 'constant_0.36413206493253214': <function gsgp.<locals>.<lambda> at 0x0000029AEC56B380>, 'constant_0.08358916437841302': <function gsgp.<locals>.<lambda> at 0x0000029AEC56B1A0>, 'constant_0.5040914040192876': <function gsgp.<locals>.<lambda> at 0x0000029AEC56B7E0>, 'constant_0.18743462930144428': <function gsgp.<locals>.<lambda> at 0x0000029A8AFF19E0>, 'constant_0.8842252761132199': <function gsgp.<locals>.<lambda> at 0x0000029ABCD7B100>, 'constant_0.33821341140965044': <function gsgp.<locals>.<lambda> at 0x0000029AEB201440>, 'constant__1.0': <function gsgp.<locals>.<lambda> at 0x0000029ABA66B4C0>}, 'p_c': 0.9, 'init_depth': 4, 'init_pop_size': 200, 'p_test': 0.2}"
9ce8ccc0-342f-11f0-a40f-f020ff802329,"{'run_info': ['StandardGSGP', UUID('9ce8ccc0-342f-11f0-a40f-f020ff802329'), 'sustavianfeed'], 'reconstruct': True, 'n_jobs': 1, 'n_iter': 20, 'elitism': True, 'n_elites': 2, 'log': 2, 'verbose': 1, 'ffunction': <function rmse at 0x0000029AEB200F40>, 'test_elite': True, 'log_path': './results/GSGP/logs_best_params_fold_9', 'selector': <function tournament_selection_min.<locals>.ts at 0x0000029AEB1E5580>, 'crossover': <function geometric_crossover at 0x0000029AEB1E6F20>, 'mutator': <function standard_geometric_mutation at 0x0000029AEB200B80>, 'settings_dict': {'p_test': 0.2}, 'find_elit_func': <function get_best_min at 0x0000029AEB1E7CE0>, 'pop_size': 200, 'p_xo': 0.7, 'seed': 1111, 'initializer': <function grow at 0x0000029AEB2005E0>, 'p_m': 0.30000000000000004, 'ms': <function generate_random_uniform.<locals>.generate_num at 0x0000029ABA66B4C0>, 'FUNCTIONS': {'add': {'function': <built-in method add of type object at 0x00007FFDE46CF450>, 'arity': 2}, 'subtract': {'function': <built-in method sub of type object at 0x00007FFDE46CF450>, 'arity': 2}}, 'CONSTANTS': {'constant_0.21760077176688164': <function gsgp.<locals>.<lambda> at 0x0000029AEB201440>, 'constant_0.3443807346030824': <function gsgp.<locals>.<lambda> at 0x0000029ABCD7B100>, 'constant_0.6422536234699076': <function gsgp.<locals>.<lambda> at 0x0000029A8AFF19E0>, 'constant_0.36413206493253214': <function gsgp.<locals>.<lambda> at 0x0000029AEC56B7E0>, 'constant_0.08358916437841302': <function gsgp.<locals>.<lambda> at 0x0000029AEC56B1A0>, 'constant_0.5040914040192876': <function gsgp.<locals>.<lambda> at 0x0000029AEC56B380>, 'constant_0.18743462930144428': <function gsgp.<locals>.<lambda> at 0x0000029AEC56B240>, 'constant_0.8842252761132199': <function gsgp.<locals>.<lambda> at 0x0000029ABE9920C0>, 'constant_0.33821341140965044': <function gsgp.<locals>.<lambda> at 0x0000029ABE992020>, 'constant__1.0': <function gsgp.<locals>.<lambda> at 0x0000029AEC86CF40>}, 'p_c': 0.9, 'init_depth': 4, 'init_pop_size': 200, 'p_test': 0.2}"
a47e9348-3cbc-11f0-8d75-c0bfbe084630,"{'run_info': ['StandardGSGP', UUID('a47e9348-3cbc-11f0-8d75-c0bfbe084630'), 'sustavianfeed'], 'reconstruct': True, 'n_jobs': 1, 'n_iter': 20, 'elitism': True, 'n_elites': 2, 'log': 2, 'verbose': 1, 'ffunction': <function rmse at 0x000001AF0581AE60>, 'test_elite': True, 'log_path': './results/GSGP/logs_best_params_fold_1', 'selector': <function tournament_selection_min.<locals>.ts at 0x000001AF06E4F010>, 'crossover': <function geometric_crossover at 0x000001AF058192D0>, 'mutator': <function standard_geometric_mutation at 0x000001AF0581AC20>, 'settings_dict': {'p_test': 0.2}, 'find_elit_func': <function get_best_min at 0x000001AF05819EA0>, 'pop_size': 200, 'p_xo': 0.7, 'seed': 1111, 'initializer': <function rhh at 0x000001AF0581A8C0>, 'p_m': 0.30000000000000004, 'ms': <function generate_random_uniform.<locals>.generate_num at 0x000001AF06E4E0E0>, 'FUNCTIONS': {'add': {'function': <built-in method add of type object at 0x00007FFC3F28ED40>, 'arity': 2}, 'subtract': {'function': <built-in method sub of type object at 0x00007FFC3F28ED40>, 'arity': 2}}, 'CONSTANTS': {'constant_0.21760077176688164': <function gsgp.<locals>.<dictcomp>.<lambda> at 0x000001AF06E4E200>, 'constant_0.3443807346030824': <function gsgp.<locals>.<dictcomp>.<lambda> at 0x000001AF06E4FE20>, 'constant_0.6422536234699076': <function gsgp.<locals>.<dictcomp>.<lambda> at 0x000001AF06E4C5E0>, 'constant_0.36413206493253214': <function gsgp.<locals>.<dictcomp>.<lambda> at 0x000001AF06E4C310>, 'constant_0.08358916437841302': <function gsgp.<locals>.<dictcomp>.<lambda> at 0x000001AF06E4E8C0>, 'constant_0.5040914040192876': <function gsgp.<locals>.<dictcomp>.<lambda> at 0x000001AF06E4F370>, 'constant_0.18743462930144428': <function gsgp.<locals>.<dictcomp>.<lambda> at 0x000001AF06E4C0D0>, 'constant_0.8842252761132199': <function gsgp.<locals>.<dictcomp>.<lambda> at 0x000001AF06E4FEB0>, 'constant_0.33821341140965044': <function gsgp.<locals>.<dictcomp>.<lambda> at 0x000001AF06E4CA60>, 'constant__1.0': <function gsgp.<locals>.<dictcomp>.<lambda> at 0x000001AF06E4E3B0>}, 'p_c': 0.9, 'init_depth': 4, 'init_pop_size': 200, 'p_test': 0.2}"
e1ab3320-3cbc-11f0-8e96-c0bfbe084630,"{'run_info': ['StandardGSGP', UUID('e1ab3320-3cbc-11f0-8e96-c0bfbe084630'), 'sustavianfeed'], 'reconstruct': True, 'n_jobs': 1, 'n_iter': 20, 'elitism': True, 'n_elites': 2, 'log': 2, 'verbose': 1, 'ffunction': <function rmse at 0x000001AF0581AE60>, 'test_elite': True, 'log_path': './results/GSGP/logs_best_params_fold_2', 'selector': <function tournament_selection_min.<locals>.ts at 0x000001AF06EAB760>, 'crossover': <function geometric_crossover at 0x000001AF058192D0>, 'mutator': <function standard_geometric_mutation at 0x000001AF0581AC20>, 'settings_dict': {'p_test': 0.2}, 'find_elit_func': <function get_best_min at 0x000001AF05819EA0>, 'pop_size': 200, 'p_xo': 0.7, 'seed': 1111, 'initializer': <function grow at 0x000001AF0581A560>, 'p_m': 0.30000000000000004, 'ms': <function generate_random_uniform.<locals>.generate_num at 0x000001AF06EAA9E0>, 'FUNCTIONS': {'add': {'function': <built-in method add of type object at 0x00007FFC3F28ED40>, 'arity': 2}, 'subtract': {'function': <built-in method sub of type object at 0x00007FFC3F28ED40>, 'arity': 2}}, 'CONSTANTS': {'constant_0.21760077176688164': <function gsgp.<locals>.<dictcomp>.<lambda> at 0x000001AF06EABBE0>, 'constant_0.3443807346030824': <function gsgp.<locals>.<dictcomp>.<lambda> at 0x000001AF06EAA0E0>, 'constant_0.6422536234699076': <function gsgp.<locals>.<dictcomp>.<lambda> at 0x000001AF06EA9AB0>, 'constant_0.36413206493253214': <function gsgp.<locals>.<dictcomp>.<lambda> at 0x000001AF06EA8A60>, 'constant_0.08358916437841302': <function gsgp.<locals>.<dictcomp>.<lambda> at 0x000001AF06EA8040>, 'constant_0.5040914040192876': <function gsgp.<locals>.<dictcomp>.<lambda> at 0x000001AF06EAAE60>, 'constant_0.18743462930144428': <function gsgp.<locals>.<dictcomp>.<lambda> at 0x000001AF06EAA440>, 'constant_0.8842252761132199': <function gsgp.<locals>.<dictcomp>.<lambda> at 0x000001AF06EA8940>, 'constant_0.33821341140965044': <function gsgp.<locals>.<dictcomp>.<lambda> at 0x000001AF06EA9BD0>, 'constant__1.0': <function gsgp.<locals>.<dictcomp>.<lambda> at 0x000001AF06EA8670>}, 'p_c': 0.9, 'init_depth': 4, 'init_pop_size': 200, 'p_test': 0.2}"
2f0be73c-3cbd-11f0-b4e2-c0bfbe084630,"{'run_info': ['StandardGSGP', UUID('2f0be73c-3cbd-11f0-b4e2-c0bfbe084630'), 'sustavianfeed'], 'reconstruct': True, 'n_jobs': 1, 'n_iter': 20, 'elitism': True, 'n_elites': 2, 'log': 2, 'verbose': 1, 'ffunction': <function rmse at 0x000001AF0581AE60>, 'test_elite': True, 'log_path': './results/GSGP/logs_best_params_fold_3', 'selector': <function tournament_selection_min.<locals>.ts at 0x000001AF06F09480>, 'crossover': <function geometric_crossover at 0x000001AF058192D0>, 'mutator': <function standard_geometric_mutation at 0x000001AF0581AC20>, 'settings_dict': {'p_test': 0.2}, 'find_elit_func': <function get_best_min at 0x000001AF05819EA0>, 'pop_size': 200, 'p_xo': 0.7, 'seed': 1111, 'initializer': <function rhh at 0x000001AF0581A8C0>, 'p_m': 0.30000000000000004, 'ms': <function generate_random_uniform.<locals>.generate_num at 0x000001AF06F0BC70>, 'FUNCTIONS': {'add': {'function': <built-in method add of type object at 0x00007FFC3F28ED40>, 'arity': 2}, 'subtract': {'function': <built-in method sub of type object at 0x00007FFC3F28ED40>, 'arity': 2}}, 'CONSTANTS': {'constant_0.21760077176688164': <function gsgp.<locals>.<dictcomp>.<lambda> at 0x000001AF06F0AB90>, 'constant_0.3443807346030824': <function gsgp.<locals>.<dictcomp>.<lambda> at 0x000001AF06F0B250>, 'constant_0.6422536234699076': <function gsgp.<locals>.<dictcomp>.<lambda> at 0x000001AF06F0B2E0>, 'constant_0.36413206493253214': <function gsgp.<locals>.<dictcomp>.<lambda> at 0x000001AF06F0A170>, 'constant_0.08358916437841302': <function gsgp.<locals>.<dictcomp>.<lambda> at 0x000001AF06F09E10>, 'constant_0.5040914040192876': <function gsgp.<locals>.<dictcomp>.<lambda> at 0x000001AF06F0B0A0>, 'constant_0.18743462930144428': <function gsgp.<locals>.<dictcomp>.<lambda> at 0x000001AF06F09AB0>, 'constant_0.8842252761132199': <function gsgp.<locals>.<dictcomp>.<lambda> at 0x000001AF06F080D0>, 'constant_0.33821341140965044': <function gsgp.<locals>.<dictcomp>.<lambda> at 0x000001AF06F08700>, 'constant__1.0': <function gsgp.<locals>.<dictcomp>.<lambda> at 0x000001AF06F09D80>}, 'p_c': 0.9, 'init_depth': 4, 'init_pop_size': 200, 'p_test': 0.2}"
74b56c16-3cbd-11f0-8633-c0bfbe084630,"{'run_info': ['StandardGSGP', UUID('74b56c16-3cbd-11f0-8633-c0bfbe084630'), 'sustavianfeed'], 'reconstruct': True, 'n_jobs': 1, 'n_iter': 20, 'elitism': True, 'n_elites': 2, 'log': 2, 'verbose': 1, 'ffunction': <function rmse at 0x000001AF0581AE60>, 'test_elite': True, 'log_path': './results/GSGP/logs_best_params_fold_4', 'selector': <function tournament_selection_min.<locals>.ts at 0x000001AF06F08700>, 'crossover': <function geometric_crossover at 0x000001AF058192D0>, 'mutator': <function standard_geometric_mutation at 0x000001AF0581AC20>, 'settings_dict': {'p_test': 0.2}, 'find_elit_func': <function get_best_min at 0x000001AF05819EA0>, 'pop_size': 200, 'p_xo': 0.7, 'seed': 1111, 'initializer': <function rhh at 0x000001AF0581A8C0>, 'p_m': 0.30000000000000004, 'ms': <function generate_random_uniform.<locals>.generate_num at 0x000001AF06F09D80>, 'FUNCTIONS': {'add': {'function': <built-in method add of type object at 0x00007FFC3F28ED40>, 'arity': 2}, 'subtract': {'function': <built-in method sub of type object at 0x00007FFC3F28ED40>, 'arity': 2}}, 'CONSTANTS': {'constant_0.21760077176688164': <function gsgp.<locals>.<dictcomp>.<lambda> at 0x000001AF06F080D0>, 'constant_0.3443807346030824': <function gsgp.<locals>.<dictcomp>.<lambda> at 0x000001AF06F09AB0>, 'constant_0.6422536234699076': <function gsgp.<locals>.<dictcomp>.<lambda> at 0x000001AF06F0B0A0>, 'constant_0.36413206493253214': <function gsgp.<locals>.<dictcomp>.<lambda> at 0x000001AF06F09E10>, 'constant_0.08358916437841302': <function gsgp.<locals>.<dictcomp>.<lambda> at 0x000001AF06F0A170>, 'constant_0.5040914040192876': <function gsgp.<locals>.<dictcomp>.<lambda> at 0x000001AF06F0B2E0>, 'constant_0.18743462930144428': <function gsgp.<locals>.<dictcomp>.<lambda> at 0x000001AF06F0B250>, 'constant_0.8842252761132199': <function gsgp.<locals>.<dictcomp>.<lambda> at 0x000001AF06F0AB90>, 'constant_0.33821341140965044': <function gsgp.<locals>.<dictcomp>.<lambda> at 0x000001AF06F08550>, 'constant__1.0': <function gsgp.<locals>.<dictcomp>.<lambda> at 0x000001AF06F0BD00>}, 'p_c': 0.9, 'init_depth': 4, 'init_pop_size': 200, 'p_test': 0.2}"
c002aad2-3cbd-11f0-a511-c0bfbe084630,"{'run_info': ['StandardGSGP', UUID('c002aad2-3cbd-11f0-a511-c0bfbe084630'), 'sustavianfeed'], 'reconstruct': True, 'n_jobs': 1, 'n_iter': 20, 'elitism': True, 'n_elites': 2, 'log': 2, 'verbose': 1, 'ffunction': <function rmse at 0x000001AF0581AE60>, 'test_elite': True, 'log_path': './results/GSGP/logs_best_params_fold_5', 'selector': <function tournament_selection_min.<locals>.ts at 0x000001AF06E4C790>, 'crossover': <function geometric_crossover at 0x000001AF058192D0>, 'mutator': <function standard_geometric_mutation at 0x000001AF0581AC20>, 'settings_dict': {'p_test': 0.2}, 'find_elit_func': <function get_best_min at 0x000001AF05819EA0>, 'pop_size': 200, 'p_xo': 0.7, 'seed': 1111, 'initializer': <function rhh at 0x000001AF0581A8C0>, 'p_m': 0.30000000000000004, 'ms': <function generate_random_uniform.<locals>.generate_num at 0x000001AF06E4E440>, 'FUNCTIONS': {'add': {'function': <built-in method add of type object at 0x00007FFC3F28ED40>, 'arity': 2}, 'subtract': {'function': <built-in method sub of type object at 0x00007FFC3F28ED40>, 'arity': 2}}, 'CONSTANTS': {'constant_0.21760077176688164': <function gsgp.<locals>.<dictcomp>.<lambda> at 0x000001AF06E4EE60>, 'constant_0.3443807346030824': <function gsgp.<locals>.<dictcomp>.<lambda> at 0x000001AF06E4D480>, 'constant_0.6422536234699076': <function gsgp.<locals>.<dictcomp>.<lambda> at 0x000001AF06E4E710>, 'constant_0.36413206493253214': <function gsgp.<locals>.<dictcomp>.<lambda> at 0x000001AF06E4FC70>, 'constant_0.08358916437841302': <function gsgp.<locals>.<dictcomp>.<lambda> at 0x000001AF06E4D900>, 'constant_0.5040914040192876': <function gsgp.<locals>.<dictcomp>.<lambda> at 0x000001AF06E4D750>, 'constant_0.18743462930144428': <function gsgp.<locals>.<dictcomp>.<lambda> at 0x000001AF06E4D6C0>, 'constant_0.8842252761132199': <function gsgp.<locals>.<dictcomp>.<lambda> at 0x000001AF06E4E830>, 'constant_0.33821341140965044': <function gsgp.<locals>.<dictcomp>.<lambda> at 0x000001AF06E4CF70>, 'constant__1.0': <function gsgp.<locals>.<dictcomp>.<lambda> at 0x000001AF06E4CA60>}, 'p_c': 0.9, 'init_depth': 4, 'init_pop_size': 200, 'p_test': 0.2}"
0a37e21f-3cbe-11f0-8d75-c0bfbe084630,"{'run_info': ['StandardGSGP', UUID('0a37e21f-3cbe-11f0-8d75-c0bfbe084630'), 'sustavianfeed'], 'reconstruct': True, 'n_jobs': 1, 'n_iter': 20, 'elitism': True, 'n_elites': 2, 'log': 2, 'verbose': 1, 'ffunction': <function rmse at 0x000001AF0581AE60>, 'test_elite': True, 'log_path': './results/GSGP/logs_best_params_fold_6', 'selector': <function tournament_selection_min.<locals>.ts at 0x000001AF06E4CF70>, 'crossover': <function geometric_crossover at 0x000001AF058192D0>, 'mutator': <function standard_geometric_mutation at 0x000001AF0581AC20>, 'settings_dict': {'p_test': 0.2}, 'find_elit_func': <function get_best_min at 0x000001AF05819EA0>, 'pop_size': 200, 'p_xo': 0.7, 'seed': 1111, 'initializer': <function rhh at 0x000001AF0581A8C0>, 'p_m': 0.30000000000000004, 'ms': <function generate_random_uniform.<locals>.generate_num at 0x000001AF06E4CA60>, 'FUNCTIONS': {'add': {'function': <built-in method add of type object at 0x00007FFC3F28ED40>, 'arity': 2}, 'subtract': {'function': <built-in method sub of type object at 0x00007FFC3F28ED40>, 'arity': 2}}, 'CONSTANTS': {'constant_0.21760077176688164': <function gsgp.<locals>.<dictcomp>.<lambda> at 0x000001AF06E4E830>, 'constant_0.3443807346030824': <function gsgp.<locals>.<dictcomp>.<lambda> at 0x000001AF06E4D6C0>, 'constant_0.6422536234699076': <function gsgp.<locals>.<dictcomp>.<lambda> at 0x000001AF06E4D750>, 'constant_0.36413206493253214': <function gsgp.<locals>.<dictcomp>.<lambda> at 0x000001AF06E4D900>, 'constant_0.08358916437841302': <function gsgp.<locals>.<dictcomp>.<lambda> at 0x000001AF06E4FC70>, 'constant_0.5040914040192876': <function gsgp.<locals>.<dictcomp>.<lambda> at 0x000001AF06E4E710>, 'constant_0.18743462930144428': <function gsgp.<locals>.<dictcomp>.<lambda> at 0x000001AF06E4D480>, 'constant_0.8842252761132199': <function gsgp.<locals>.<dictcomp>.<lambda> at 0x000001AF06E4EE60>, 'constant_0.33821341140965044': <function gsgp.<locals>.<dictcomp>.<lambda> at 0x000001AF06E4DCF0>, 'constant__1.0': <function gsgp.<locals>.<dictcomp>.<lambda> at 0x000001AF06E4F7F0>}, 'p_c': 0.9, 'init_depth': 4, 'init_pop_size': 200, 'p_test': 0.2}"
531f512e-3cbe-11f0-8d75-c0bfbe084630,"{'run_info': ['StandardGSGP', UUID('531f512e-3cbe-11f0-8d75-c0bfbe084630'), 'sustavianfeed'], 'reconstruct': True, 'n_jobs': 1, 'n_iter': 20, 'elitism': True, 'n_elites': 2, 'log': 2, 'verbose': 1, 'ffunction': <function rmse at 0x000001AF0581AE60>, 'test_elite': True, 'log_path': './results/GSGP/logs_best_params_fold_7', 'selector': <function tournament_selection_min.<locals>.ts at 0x000001AF06E4DCF0>, 'crossover': <function geometric_crossover at 0x000001AF058192D0>, 'mutator': <function standard_geometric_mutation at 0x000001AF0581AC20>, 'settings_dict': {'p_test': 0.2}, 'find_elit_func': <function get_best_min at 0x000001AF05819EA0>, 'pop_size': 200, 'p_xo': 0.7, 'seed': 1111, 'initializer': <function rhh at 0x000001AF0581A8C0>, 'p_m': 0.30000000000000004, 'ms': <function generate_random_uniform.<locals>.generate_num at 0x000001AF06E4F7F0>, 'FUNCTIONS': {'add': {'function': <built-in method add of type object at 0x00007FFC3F28ED40>, 'arity': 2}, 'subtract': {'function': <built-in method sub of type object at 0x00007FFC3F28ED40>, 'arity': 2}}, 'CONSTANTS': {'constant_0.21760077176688164': <function gsgp.<locals>.<dictcomp>.<lambda> at 0x000001AF06E4EE60>, 'constant_0.3443807346030824': <function gsgp.<locals>.<dictcomp>.<lambda> at 0x000001AF06E4D480>, 'constant_0.6422536234699076': <function gsgp.<locals>.<dictcomp>.<lambda> at 0x000001AF06E4E710>, 'constant_0.36413206493253214': <function gsgp.<locals>.<dictcomp>.<lambda> at 0x000001AF06E4FC70>, 'constant_0.08358916437841302': <function gsgp.<locals>.<dictcomp>.<lambda> at 0x000001AF06E4D900>, 'constant_0.5040914040192876': <function gsgp.<locals>.<dictcomp>.<lambda> at 0x000001AF06E4D750>, 'constant_0.18743462930144428': <function gsgp.<locals>.<dictcomp>.<lambda> at 0x000001AF06E4D6C0>, 'constant_0.8842252761132199': <function gsgp.<locals>.<dictcomp>.<lambda> at 0x000001AF06E4E830>, 'constant_0.33821341140965044': <function gsgp.<locals>.<dictcomp>.<lambda> at 0x000001AF06E4CE50>, 'constant__1.0': <function gsgp.<locals>.<dictcomp>.<lambda> at 0x000001AF06E4D1B0>}, 'p_c': 0.9, 'init_depth': 4, 'init_pop_size': 200, 'p_test': 0.2}"
9dba777c-3cbe-11f0-8d75-c0bfbe084630,"{'run_info': ['StandardGSGP', UUID('9dba777c-3cbe-11f0-8d75-c0bfbe084630'), 'sustavianfeed'], 'reconstruct': True, 'n_jobs': 1, 'n_iter': 20, 'elitism': True, 'n_elites': 2, 'log': 2, 'verbose': 1, 'ffunction': <function rmse at 0x000001AF0581AE60>, 'test_elite': True, 'log_path': './results/GSGP/logs_best_params_fold_8', 'selector': <function tournament_selection_min.<locals>.ts at 0x000001AF06E4CE50>, 'crossover': <function geometric_crossover at 0x000001AF058192D0>, 'mutator': <function standard_geometric_mutation at 0x000001AF0581AC20>, 'settings_dict': {'p_test': 0.2}, 'find_elit_func': <function get_best_min at 0x000001AF05819EA0>, 'pop_size': 200, 'p_xo': 0.7, 'seed': 1111, 'initializer': <function rhh at 0x000001AF0581A8C0>, 'p_m': 0.30000000000000004, 'ms': <function generate_random_uniform.<locals>.generate_num at 0x000001AF06E4D1B0>, 'FUNCTIONS': {'add': {'function': <built-in method add of type object at 0x00007FFC3F28ED40>, 'arity': 2}, 'subtract': {'function': <built-in method sub of type object at 0x00007FFC3F28ED40>, 'arity': 2}}, 'CONSTANTS': {'constant_0.21760077176688164': <function gsgp.<locals>.<dictcomp>.<lambda> at 0x000001AF06E4E830>, 'constant_0.3443807346030824': <function gsgp.<locals>.<dictcomp>.<lambda> at 0x000001AF06E4D6C0>, 'constant_0.6422536234699076': <function gsgp.<locals>.<dictcomp>.<lambda> at 0x000001AF06E4D750>, 'constant_0.36413206493253214': <function gsgp.<locals>.<dictcomp>.<lambda> at 0x000001AF06E4D900>, 'constant_0.08358916437841302': <function gsgp.<locals>.<dictcomp>.<lambda> at 0x000001AF06E4FC70>, 'constant_0.5040914040192876': <function gsgp.<locals>.<dictcomp>.<lambda> at 0x000001AF06E4E710>, 'constant_0.18743462930144428': <function gsgp.<locals>.<dictcomp>.<lambda> at 0x000001AF06E4D480>, 'constant_0.8842252761132199': <function gsgp.<locals>.<dictcomp>.<lambda> at 0x000001AF06E4EE60>, 'constant_0.33821341140965044': <function gsgp.<locals>.<dictcomp>.<lambda> at 0x000001AF06E4E3B0>, 'constant__1.0': <function gsgp.<locals>.<dictcomp>.<lambda> at 0x000001AF06E4F1C0>}, 'p_c': 0.9, 'init_depth': 4, 'init_pop_size': 200, 'p_test': 0.2}"
e8165b6e-3cbe-11f0-8e96-c0bfbe084630,"{'run_info': ['StandardGSGP', UUID('e8165b6e-3cbe-11f0-8e96-c0bfbe084630'), 'sustavianfeed'], 'reconstruct': True, 'n_jobs': 1, 'n_iter': 20, 'elitism': True, 'n_elites': 2, 'log': 2, 'verbose': 1, 'ffunction': <function rmse at 0x000001AF0581AE60>, 'test_elite': True, 'log_path': './results/GSGP/logs_best_params_fold_9', 'selector': <function tournament_selection_min.<locals>.ts at 0x000001AF06C5BB50>, 'crossover': <function geometric_crossover at 0x000001AF058192D0>, 'mutator': <function standard_geometric_mutation at 0x000001AF0581AC20>, 'settings_dict': {'p_test': 0.2}, 'find_elit_func': <function get_best_min at 0x000001AF05819EA0>, 'pop_size': 200, 'p_xo': 0.7, 'seed': 1111, 'initializer': <function grow at 0x000001AF0581A560>, 'p_m': 0.30000000000000004, 'ms': <function generate_random_uniform.<locals>.generate_num at 0x000001AF06C5BEB0>, 'FUNCTIONS': {'add': {'function': <built-in method add of type object at 0x00007FFC3F28ED40>, 'arity': 2}, 'subtract': {'function': <built-in method sub of type object at 0x00007FFC3F28ED40>, 'arity': 2}}, 'CONSTANTS': {'constant_0.21760077176688164': <function gsgp.<locals>.<dictcomp>.<lambda> at 0x000001AF06C5BD00>, 'constant_0.3443807346030824': <function gsgp.<locals>.<dictcomp>.<lambda> at 0x000001AF06C5BD90>, 'constant_0.6422536234699076': <function gsgp.<locals>.<dictcomp>.<lambda> at 0x000001AF06C5BA30>, 'constant_0.36413206493253214': <function gsgp.<locals>.<dictcomp>.<lambda> at 0x000001AF06C5BF40>, 'constant_0.08358916437841302': <function gsgp.<locals>.<dictcomp>.<lambda> at 0x000001AF06C5BAC0>, 'constant_0.5040914040192876': <function gsgp.<locals>.<dictcomp>.<lambda> at 0x000001AF06C5BC70>, 'constant_0.18743462930144428': <function gsgp.<locals>.<dictcomp>.<lambda> at 0x000001AF06C5ADD0>, 'constant_0.8842252761132199': <function gsgp.<locals>.<dictcomp>.<lambda> at 0x000001AF06C5AE60>, 'constant_0.33821341140965044': <function gsgp.<locals>.<dictcomp>.<lambda> at 0x000001AF06C5BBE0>, 'constant__1.0': <function gsgp.<locals>.<dictcomp>.<lambda> at 0x000001AF06D80040>}, 'p_c': 0.9, 'init_depth': 4, 'init_pop_size': 200, 'p_test': 0.2}"
46e9d5cc-3cf0-11f0-8d75-c0bfbe084630,"{'run_info': ['StandardGSGP', UUID('46e9d5cc-3cf0-11f0-8d75-c0bfbe084630'), 'sustavianfeed'], 'reconstruct': True, 'n_jobs': 1, 'n_iter': 20, 'elitism': True, 'n_elites': 2, 'log': 2, 'verbose': 1, 'ffunction': <function rmse at 0x000001DB67656E60>, 'test_elite': True, 'log_path': './results/GSGP/logs_best_params_fold_1', 'selector': <function tournament_selection_min.<locals>.ts at 0x000001DB68C941F0>, 'crossover': <function geometric_crossover at 0x000001DB676552D0>, 'mutator': <function standard_geometric_mutation at 0x000001DB67656C20>, 'settings_dict': {'p_test': 0.2}, 'find_elit_func': <function get_best_min at 0x000001DB67655EA0>, 'pop_size': 200, 'p_xo': 0.7, 'seed': 1111, 'initializer': <function rhh at 0x000001DB676568C0>, 'p_m': 0.30000000000000004, 'ms': <function generate_random_uniform.<locals>.generate_num at 0x000001DB68C96950>, 'FUNCTIONS': {'add': {'function': <built-in method add of type object at 0x00007FFC3F28ED40>, 'arity': 2}, 'subtract': {'function': <built-in method sub of type object at 0x00007FFC3F28ED40>, 'arity': 2}}, 'CONSTANTS': {'constant_0.21760077176688164': <function gsgp.<locals>.<dictcomp>.<lambda> at 0x000001DB68C96A70>, 'constant_0.3443807346030824': <function gsgp.<locals>.<dictcomp>.<lambda> at 0x000001DB68C97880>, 'constant_0.6422536234699076': <function gsgp.<locals>.<dictcomp>.<lambda> at 0x000001DB68C97640>, 'constant_0.36413206493253214': <function gsgp.<locals>.<dictcomp>.<lambda> at 0x000001DB68C975B0>, 'constant_0.08358916437841302': <function gsgp.<locals>.<dictcomp>.<lambda> at 0x000001DB68C97520>, 'constant_0.5040914040192876': <function gsgp.<locals>.<dictcomp>.<lambda> at 0x000001DB68C97370>, 'constant_0.18743462930144428': <function gsgp.<locals>.<dictcomp>.<lambda> at 0x000001DB68C972E0>, 'constant_0.8842252761132199': <function gsgp.<locals>.<dictcomp>.<lambda> at 0x000001DB68C977F0>, 'constant_0.33821341140965044': <function gsgp.<locals>.<dictcomp>.<lambda> at 0x000001DB68C97760>, 'constant__1.0': <function gsgp.<locals>.<dictcomp>.<lambda> at 0x000001DB68C976D0>}, 'p_c': 0.9, 'init_depth': 4, 'init_pop_size': 200, 'p_test': 0.2}"
8f057393-3cf0-11f0-8e96-c0bfbe084630,"{'run_info': ['StandardGSGP', UUID('8f057393-3cf0-11f0-8e96-c0bfbe084630'), 'sustavianfeed'], 'reconstruct': True, 'n_jobs': 1, 'n_iter': 20, 'elitism': True, 'n_elites': 2, 'log': 2, 'verbose': 1, 'ffunction': <function rmse at 0x000001DB67656E60>, 'test_elite': True, 'log_path': './results/GSGP/logs_best_params_fold_2', 'selector': <function tournament_selection_min.<locals>.ts at 0x000001DB68AD12D0>, 'crossover': <function geometric_crossover at 0x000001DB676552D0>, 'mutator': <function standard_geometric_mutation at 0x000001DB67656C20>, 'settings_dict': {'p_test': 0.2}, 'find_elit_func': <function get_best_min at 0x000001DB67655EA0>, 'pop_size': 200, 'p_xo': 0.7, 'seed': 1111, 'initializer': <function grow at 0x000001DB67656560>, 'p_m': 0.30000000000000004, 'ms': <function generate_random_uniform.<locals>.generate_num at 0x000001DB68AD0040>, 'FUNCTIONS': {'add': {'function': <built-in method add of type object at 0x00007FFC3F28ED40>, 'arity': 2}, 'subtract': {'function': <built-in method sub of type object at 0x00007FFC3F28ED40>, 'arity': 2}}, 'CONSTANTS': {'constant_0.21760077176688164': <function gsgp.<locals>.<dictcomp>.<lambda> at 0x000001DB68AD1360>, 'constant_0.3443807346030824': <function gsgp.<locals>.<dictcomp>.<lambda> at 0x000001DB68AD2CB0>, 'constant_0.6422536234699076': <function gsgp.<locals>.<dictcomp>.<lambda> at 0x000001DB68AD11B0>, 'constant_0.36413206493253214': <function gsgp.<locals>.<dictcomp>.<lambda> at 0x000001DB68AD3BE0>, 'constant_0.08358916437841302': <function gsgp.<locals>.<dictcomp>.<lambda> at 0x000001DB68AD1FC0>, 'constant_0.5040914040192876': <function gsgp.<locals>.<dictcomp>.<lambda> at 0x000001DB68AD2D40>, 'constant_0.18743462930144428': <function gsgp.<locals>.<dictcomp>.<lambda> at 0x000001DB68AD2710>, 'constant_0.8842252761132199': <function gsgp.<locals>.<dictcomp>.<lambda> at 0x000001DB68AD23B0>, 'constant_0.33821341140965044': <function gsgp.<locals>.<dictcomp>.<lambda> at 0x000001DB68AD3B50>, 'constant__1.0': <function gsgp.<locals>.<dictcomp>.<lambda> at 0x000001DB68AD35B0>}, 'p_c': 0.9, 'init_depth': 4, 'init_pop_size': 200, 'p_test': 0.2}"
d604b38c-3cf0-11f0-b4e2-c0bfbe084630,"{'run_info': ['StandardGSGP', UUID('d604b38c-3cf0-11f0-b4e2-c0bfbe084630'), 'sustavianfeed'], 'reconstruct': True, 'n_jobs': 1, 'n_iter': 20, 'elitism': True, 'n_elites': 2, 'log': 2, 'verbose': 1, 'ffunction': <function rmse at 0x000001DB67656E60>, 'test_elite': True, 'log_path': './results/GSGP/logs_best_params_fold_3', 'selector': <function tournament_selection_min.<locals>.ts at 0x000001DB68CB71C0>, 'crossover': <function geometric_crossover at 0x000001DB676552D0>, 'mutator': <function standard_geometric_mutation at 0x000001DB67656C20>, 'settings_dict': {'p_test': 0.2}, 'find_elit_func': <function get_best_min at 0x000001DB67655EA0>, 'pop_size': 200, 'p_xo': 0.7, 'seed': 1111, 'initializer': <function rhh at 0x000001DB676568C0>, 'p_m': 0.30000000000000004, 'ms': <function generate_random_uniform.<locals>.generate_num at 0x000001DB68CB7370>, 'FUNCTIONS': {'add': {'function': <built-in method add of type object at 0x00007FFC3F28ED40>, 'arity': 2}, 'subtract': {'function': <built-in method sub of type object at 0x00007FFC3F28ED40>, 'arity': 2}}, 'CONSTANTS': {'constant_0.21760077176688164': <function gsgp.<locals>.<dictcomp>.<lambda> at 0x000001DB68CB6C20>, 'constant_0.3443807346030824': <function gsgp.<locals>.<dictcomp>.<lambda> at 0x000001DB68CB5630>, 'constant_0.6422536234699076': <function gsgp.<locals>.<dictcomp>.<lambda> at 0x000001DB68CB6710>, 'constant_0.36413206493253214': <function gsgp.<locals>.<dictcomp>.<lambda> at 0x000001DB68CB6680>, 'constant_0.08358916437841302': <function gsgp.<locals>.<dictcomp>.<lambda> at 0x000001DB68CB4DC0>, 'constant_0.5040914040192876': <function gsgp.<locals>.<dictcomp>.<lambda> at 0x000001DB68CB4430>, 'constant_0.18743462930144428': <function gsgp.<locals>.<dictcomp>.<lambda> at 0x000001DB68CB4940>, 'constant_0.8842252761132199': <function gsgp.<locals>.<dictcomp>.<lambda> at 0x000001DB68CB40D0>, 'constant_0.33821341140965044': <function gsgp.<locals>.<dictcomp>.<lambda> at 0x000001DB68CB6050>, 'constant__1.0': <function gsgp.<locals>.<dictcomp>.<lambda> at 0x000001DB68CB4CA0>}, 'p_c': 0.9, 'init_depth': 4, 'init_pop_size': 200, 'p_test': 0.2}"
20101e58-3cf1-11f0-8633-c0bfbe084630,"{'run_info': ['StandardGSGP', UUID('20101e58-3cf1-11f0-8633-c0bfbe084630'), 'sustavianfeed'], 'reconstruct': True, 'n_jobs': 1, 'n_iter': 20, 'elitism': True, 'n_elites': 2, 'log': 2, 'verbose': 1, 'ffunction': <function rmse at 0x000001DB67656E60>, 'test_elite': True, 'log_path': './results/GSGP/logs_best_params_fold_4', 'selector': <function tournament_selection_min.<locals>.ts at 0x000001DB68AD3BE0>, 'crossover': <function geometric_crossover at 0x000001DB676552D0>, 'mutator': <function standard_geometric_mutation at 0x000001DB67656C20>, 'settings_dict': {'p_test': 0.2}, 'find_elit_func': <function get_best_min at 0x000001DB67655EA0>, 'pop_size': 200, 'p_xo': 0.7, 'seed': 1111, 'initializer': <function rhh at 0x000001DB676568C0>, 'p_m': 0.30000000000000004, 'ms': <function generate_random_uniform.<locals>.generate_num at 0x000001DB68AD3760>, 'FUNCTIONS': {'add': {'function': <built-in method add of type object at 0x00007FFC3F28ED40>, 'arity': 2}, 'subtract': {'function': <built-in method sub of type object at 0x00007FFC3F28ED40>, 'arity': 2}}, 'CONSTANTS': {'constant_0.21760077176688164': <function gsgp.<locals>.<dictcomp>.<lambda> at 0x000001DB68AD0550>, 'constant_0.3443807346030824': <function gsgp.<locals>.<dictcomp>.<lambda> at 0x000001DB68AD1BD0>, 'constant_0.6422536234699076': <function gsgp.<locals>.<dictcomp>.<lambda> at 0x000001DB68AD2950>, 'constant_0.36413206493253214': <function gsgp.<locals>.<dictcomp>.<lambda> at 0x000001DB68AD0040>, 'constant_0.08358916437841302': <function gsgp.<locals>.<dictcomp>.<lambda> at 0x000001DB68AD3B50>, 'constant_0.5040914040192876': <function gsgp.<locals>.<dictcomp>.<lambda> at 0x000001DB68AD3D90>, 'constant_0.18743462930144428': <function gsgp.<locals>.<dictcomp>.<lambda> at 0x000001DB68AD2F80>, 'constant_0.8842252761132199': <function gsgp.<locals>.<dictcomp>.<lambda> at 0x000001DB68AD2050>, 'constant_0.33821341140965044': <function gsgp.<locals>.<dictcomp>.<lambda> at 0x000001DB68AD2830>, 'constant__1.0': <function gsgp.<locals>.<dictcomp>.<lambda> at 0x000001DB68AD3490>}, 'p_c': 0.9, 'init_depth': 4, 'init_pop_size': 200, 'p_test': 0.2}"
69682cab-3cf1-11f0-a511-c0bfbe084630,"{'run_info': ['StandardGSGP', UUID('69682cab-3cf1-11f0-a511-c0bfbe084630'), 'sustavianfeed'], 'reconstruct': True, 'n_jobs': 1, 'n_iter': 20, 'elitism': True, 'n_elites': 2, 'log': 2, 'verbose': 1, 'ffunction': <function rmse at 0x000001DB67656E60>, 'test_elite': True, 'log_path': './results/GSGP/logs_best_params_fold_5', 'selector': <function tournament_selection_min.<locals>.ts at 0x000001DB689E8550>, 'crossover': <function geometric_crossover at 0x000001DB676552D0>, 'mutator': <function standard_geometric_mutation at 0x000001DB67656C20>, 'settings_dict': {'p_test': 0.2}, 'find_elit_func': <function get_best_min at 0x000001DB67655EA0>, 'pop_size': 200, 'p_xo': 0.7, 'seed': 1111, 'initializer': <function rhh at 0x000001DB676568C0>, 'p_m': 0.30000000000000004, 'ms': <function generate_random_uniform.<locals>.generate_num at 0x000001DB68C96830>, 'FUNCTIONS': {'add': {'function': <built-in method add of type object at 0x00007FFC3F28ED40>, 'arity': 2}, 'subtract': {'function': <built-in method sub of type object at 0x00007FFC3F28ED40>, 'arity': 2}}, 'CONSTANTS': {'constant_0.21760077176688164': <function gsgp.<locals>.<dictcomp>.<lambda> at 0x000001DB68C97F40>, 'constant_0.3443807346030824': <function gsgp.<locals>.<dictcomp>.<lambda> at 0x000001DB68C965F0>, 'constant_0.6422536234699076': <function gsgp.<locals>.<dictcomp>.<lambda> at 0x000001DB68C96A70>, 'constant_0.36413206493253214': <function gsgp.<locals>.<dictcomp>.<lambda> at 0x000001DB68C97D90>, 'constant_0.08358916437841302': <function gsgp.<locals>.<dictcomp>.<lambda> at 0x000001DB68C96C20>, 'constant_0.5040914040192876': <function gsgp.<locals>.<dictcomp>.<lambda> at 0x000001DB68C94A60>, 'constant_0.18743462930144428': <function gsgp.<locals>.<dictcomp>.<lambda> at 0x000001DB68C96B90>, 'constant_0.8842252761132199': <function gsgp.<locals>.<dictcomp>.<lambda> at 0x000001DB68C94280>, 'constant_0.33821341140965044': <function gsgp.<locals>.<dictcomp>.<lambda> at 0x000001DB68C96E60>, 'constant__1.0': <function gsgp.<locals>.<dictcomp>.<lambda> at 0x000001DB68C94CA0>}, 'p_c': 0.9, 'init_depth': 4, 'init_pop_size': 200, 'p_test': 0.2}"
b3896d2f-3cf1-11f0-8d75-c0bfbe084630,"{'run_info': ['StandardGSGP', UUID('b3896d2f-3cf1-11f0-8d75-c0bfbe084630'), 'sustavianfeed'], 'reconstruct': True, 'n_jobs': 1, 'n_iter': 20, 'elitism': True, 'n_elites': 2, 'log': 2, 'verbose': 1, 'ffunction': <function rmse at 0x000001DB67656E60>, 'test_elite': True, 'log_path': './results/GSGP/logs_best_params_fold_6', 'selector': <function tournament_selection_min.<locals>.ts at 0x000001DB68C96E60>, 'crossover': <function geometric_crossover at 0x000001DB676552D0>, 'mutator': <function standard_geometric_mutation at 0x000001DB67656C20>, 'settings_dict': {'p_test': 0.2}, 'find_elit_func': <function get_best_min at 0x000001DB67655EA0>, 'pop_size': 200, 'p_xo': 0.7, 'seed': 1111, 'initializer': <function rhh at 0x000001DB676568C0>, 'p_m': 0.30000000000000004, 'ms': <function generate_random_uniform.<locals>.generate_num at 0x000001DB68C94CA0>, 'FUNCTIONS': {'add': {'function': <built-in method add of type object at 0x00007FFC3F28ED40>, 'arity': 2}, 'subtract': {'function': <built-in method sub of type object at 0x00007FFC3F28ED40>, 'arity': 2}}, 'CONSTANTS': {'constant_0.21760077176688164': <function gsgp.<locals>.<dictcomp>.<lambda> at 0x000001DB68C94280>, 'constant_0.3443807346030824': <function gsgp.<locals>.<dictcomp>.<lambda> at 0x000001DB68C96B90>, 'constant_0.6422536234699076': <function gsgp.<locals>.<dictcomp>.<lambda> at 0x000001DB68C94A60>, 'constant_0.36413206493253214': <function gsgp.<locals>.<dictcomp>.<lambda> at 0x000001DB68C96C20>, 'constant_0.08358916437841302': <function gsgp.<locals>.<dictcomp>.<lambda> at 0x000001DB68C97D90>, 'constant_0.5040914040192876': <function gsgp.<locals>.<dictcomp>.<lambda> at 0x000001DB68C96A70>, 'constant_0.18743462930144428': <function gsgp.<locals>.<dictcomp>.<lambda> at 0x000001DB68C965F0>, 'constant_0.8842252761132199': <function gsgp.<locals>.<dictcomp>.<lambda> at 0x000001DB68C97F40>, 'constant_0.33821341140965044': <function gsgp.<locals>.<dictcomp>.<lambda> at 0x000001DB68C95990>, 'constant__1.0': <function gsgp.<locals>.<dictcomp>.<lambda> at 0x000001DB68C97400>}, 'p_c': 0.9, 'init_depth': 4, 'init_pop_size': 200, 'p_test': 0.2}"
fce2b5d2-3cf1-11f0-8d75-c0bfbe084630,"{'run_info': ['StandardGSGP', UUID('fce2b5d2-3cf1-11f0-8d75-c0bfbe084630'), 'sustavianfeed'], 'reconstruct': True, 'n_jobs': 1, 'n_iter': 20, 'elitism': True, 'n_elites': 2, 'log': 2, 'verbose': 1, 'ffunction': <function rmse at 0x000001DB67656E60>, 'test_elite': True, 'log_path': './results/GSGP/logs_best_params_fold_7', 'selector': <function tournament_selection_min.<locals>.ts at 0x000001DB68AD0C10>, 'crossover': <function geometric_crossover at 0x000001DB676552D0>, 'mutator': <function standard_geometric_mutation at 0x000001DB67656C20>, 'settings_dict': {'p_test': 0.2}, 'find_elit_func': <function get_best_min at 0x000001DB67655EA0>, 'pop_size': 200, 'p_xo': 0.7, 'seed': 1111, 'initializer': <function rhh at 0x000001DB676568C0>, 'p_m': 0.30000000000000004, 'ms': <function generate_random_uniform.<locals>.generate_num at 0x000001DB68AD2440>, 'FUNCTIONS': {'add': {'function': <built-in method add of type object at 0x00007FFC3F28ED40>, 'arity': 2}, 'subtract': {'function': <built-in method sub of type object at 0x00007FFC3F28ED40>, 'arity': 2}}, 'CONSTANTS': {'constant_0.21760077176688164': <function gsgp.<locals>.<dictcomp>.<lambda> at 0x000001DB68AD3640>, 'constant_0.3443807346030824': <function gsgp.<locals>.<dictcomp>.<lambda> at 0x000001DB68AD05E0>, 'constant_0.6422536234699076': <function gsgp.<locals>.<dictcomp>.<lambda> at 0x000001DB68AD3BE0>, 'constant_0.36413206493253214': <function gsgp.<locals>.<dictcomp>.<lambda> at 0x000001DB68AD3760>, 'constant_0.08358916437841302': <function gsgp.<locals>.<dictcomp>.<lambda> at 0x000001DB68AD13F0>, 'constant_0.5040914040192876': <function gsgp.<locals>.<dictcomp>.<lambda> at 0x000001DB68AD3250>, 'constant_0.18743462930144428': <function gsgp.<locals>.<dictcomp>.<lambda> at 0x000001DB68AD1510>, 'constant_0.8842252761132199': <function gsgp.<locals>.<dictcomp>.<lambda> at 0x000001DB68AD24D0>, 'constant_0.33821341140965044': <function gsgp.<locals>.<dictcomp>.<lambda> at 0x000001DB68AD2170>, 'constant__1.0': <function gsgp.<locals>.<dictcomp>.<lambda> at 0x000001DB68AD0790>}, 'p_c': 0.9, 'init_depth': 4, 'init_pop_size': 200, 'p_test': 0.2}"
4489a326-3cf2-11f0-8d75-c0bfbe084630,"{'run_info': ['StandardGSGP', UUID('4489a326-3cf2-11f0-8d75-c0bfbe084630'), 'sustavianfeed'], 'reconstruct': True, 'n_jobs': 1, 'n_iter': 20, 'elitism': True, 'n_elites': 2, 'log': 2, 'verbose': 1, 'ffunction': <function rmse at 0x000001DB67656E60>, 'test_elite': True, 'log_path': './results/GSGP/logs_best_params_fold_8', 'selector': <function tournament_selection_min.<locals>.ts at 0x000001DB68B88280>, 'crossover': <function geometric_crossover at 0x000001DB676552D0>, 'mutator': <function standard_geometric_mutation at 0x000001DB67656C20>, 'settings_dict': {'p_test': 0.2}, 'find_elit_func': <function get_best_min at 0x000001DB67655EA0>, 'pop_size': 200, 'p_xo': 0.7, 'seed': 1111, 'initializer': <function rhh at 0x000001DB676568C0>, 'p_m': 0.30000000000000004, 'ms': <function generate_random_uniform.<locals>.generate_num at 0x000001DB68C95BD0>, 'FUNCTIONS': {'add': {'function': <built-in method add of type object at 0x00007FFC3F28ED40>, 'arity': 2}, 'subtract': {'function': <built-in method sub of type object at 0x00007FFC3F28ED40>, 'arity': 2}}, 'CONSTANTS': {'constant_0.21760077176688164': <function gsgp.<locals>.<dictcomp>.<lambda> at 0x000001DB68C97910>, 'constant_0.3443807346030824': <function gsgp.<locals>.<dictcomp>.<lambda> at 0x000001DB68C97AC0>, 'constant_0.6422536234699076': <function gsgp.<locals>.<dictcomp>.<lambda> at 0x000001DB68C97D90>, 'constant_0.36413206493253214': <function gsgp.<locals>.<dictcomp>.<lambda> at 0x000001DB68C94D30>, 'constant_0.08358916437841302': <function gsgp.<locals>.<dictcomp>.<lambda> at 0x000001DB68C96A70>, 'constant_0.5040914040192876': <function gsgp.<locals>.<dictcomp>.<lambda> at 0x000001DB68C94EE0>, 'constant_0.18743462930144428': <function gsgp.<locals>.<dictcomp>.<lambda> at 0x000001DB68C95120>, 'constant_0.8842252761132199': <function gsgp.<locals>.<dictcomp>.<lambda> at 0x000001DB68C97130>, 'constant_0.33821341140965044': <function gsgp.<locals>.<dictcomp>.<lambda> at 0x000001DB68C94E50>, 'constant__1.0': <function gsgp.<locals>.<dictcomp>.<lambda> at 0x000001DB68C965F0>}, 'p_c': 0.9, 'init_depth': 4, 'init_pop_size': 200, 'p_test': 0.2}"
8e38b432-3cf2-11f0-8e96-c0bfbe084630,"{'run_info': ['StandardGSGP', UUID('8e38b432-3cf2-11f0-8e96-c0bfbe084630'), 'sustavianfeed'], 'reconstruct': True, 'n_jobs': 1, 'n_iter': 20, 'elitism': True, 'n_elites': 2, 'log': 2, 'verbose': 1, 'ffunction': <function rmse at 0x000001DB67656E60>, 'test_elite': True, 'log_path': './results/GSGP/logs_best_params_fold_9', 'selector': <function tournament_selection_min.<locals>.ts at 0x000001DB68AD16C0>, 'crossover': <function geometric_crossover at 0x000001DB676552D0>, 'mutator': <function standard_geometric_mutation at 0x000001DB67656C20>, 'settings_dict': {'p_test': 0.2}, 'find_elit_func': <function get_best_min at 0x000001DB67655EA0>, 'pop_size': 200, 'p_xo': 0.7, 'seed': 1111, 'initializer': <function grow at 0x000001DB67656560>, 'p_m': 0.30000000000000004, 'ms': <function generate_random_uniform.<locals>.generate_num at 0x000001DB68AD15A0>, 'FUNCTIONS': {'add': {'function': <built-in method add of type object at 0x00007FFC3F28ED40>, 'arity': 2}, 'subtract': {'function': <built-in method sub of type object at 0x00007FFC3F28ED40>, 'arity': 2}}, 'CONSTANTS': {'constant_0.21760077176688164': <function gsgp.<locals>.<dictcomp>.<lambda> at 0x000001DB68AD3520>, 'constant_0.3443807346030824': <function gsgp.<locals>.<dictcomp>.<lambda> at 0x000001DB68AD0550>, 'constant_0.6422536234699076': <function gsgp.<locals>.<dictcomp>.<lambda> at 0x000001DB68AD05E0>, 'constant_0.36413206493253214': <function gsgp.<locals>.<dictcomp>.<lambda> at 0x000001DB68AD0790>, 'constant_0.08358916437841302': <function gsgp.<locals>.<dictcomp>.<lambda> at 0x000001DB68AD0DC0>, 'constant_0.5040914040192876': <function gsgp.<locals>.<dictcomp>.<lambda> at 0x000001DB68AD3B50>, 'constant_0.18743462930144428': <function gsgp.<locals>.<dictcomp>.<lambda> at 0x000001DB68AD2CB0>, 'constant_0.8842252761132199': <function gsgp.<locals>.<dictcomp>.<lambda> at 0x000001DB68AD3EB0>, 'constant_0.33821341140965044': <function gsgp.<locals>.<dictcomp>.<lambda> at 0x000001DB68AD32E0>, 'constant__1.0': <function gsgp.<locals>.<dictcomp>.<lambda> at 0x000001DB68AD0CA0>}, 'p_c': 0.9, 'init_depth': 4, 'init_pop_size': 200, 'p_test': 0.2}"
a1c5bd7f-3d76-11f0-8d75-c0bfbe084630,"{'run_info': ['StandardGSGP', UUID('a1c5bd7f-3d76-11f0-8d75-c0bfbe084630'), 'sustavianfeed'], 'reconstruct': True, 'n_jobs': 1, 'n_iter': 20, 'elitism': True, 'n_elites': 2, 'log': 2, 'verbose': 1, 'ffunction': <function rmse at 0x000001DB67656E60>, 'test_elite': True, 'log_path': './results/GSGP/logs_best_params_fold_1', 'selector': <function tournament_selection_min.<locals>.ts at 0x000001DB68C94DC0>, 'crossover': <function geometric_crossover at 0x000001DB676552D0>, 'mutator': <function standard_geometric_mutation at 0x000001DB67656C20>, 'settings_dict': {'p_test': 0.2}, 'find_elit_func': <function get_best_min at 0x000001DB67655EA0>, 'pop_size': 200, 'p_xo': 0.7, 'seed': 1111, 'initializer': <function rhh at 0x000001DB676568C0>, 'p_m': 0.30000000000000004, 'ms': <function generate_random_uniform.<locals>.generate_num at 0x000001DB68AD3C70>, 'FUNCTIONS': {'add': {'function': <built-in method add of type object at 0x00007FFC3F28ED40>, 'arity': 2}, 'subtract': {'function': <built-in method sub of type object at 0x00007FFC3F28ED40>, 'arity': 2}}, 'CONSTANTS': {'constant_0.21760077176688164': <function gsgp.<locals>.<dictcomp>.<lambda> at 0x000001DB68AD1CF0>, 'constant_0.3443807346030824': <function gsgp.<locals>.<dictcomp>.<lambda> at 0x000001DB68AD1AB0>, 'constant_0.6422536234699076': <function gsgp.<locals>.<dictcomp>.<lambda> at 0x000001DB68AD2440>, 'constant_0.36413206493253214': <function gsgp.<locals>.<dictcomp>.<lambda> at 0x000001DB68AD27A0>, 'constant_0.08358916437841302': <function gsgp.<locals>.<dictcomp>.<lambda> at 0x000001DB68AD2F80>, 'constant_0.5040914040192876': <function gsgp.<locals>.<dictcomp>.<lambda> at 0x000001DB68AD1630>, 'constant_0.18743462930144428': <function gsgp.<locals>.<dictcomp>.<lambda> at 0x000001DB68AD2680>, 'constant_0.8842252761132199': <function gsgp.<locals>.<dictcomp>.<lambda> at 0x000001DB68AD1C60>, 'constant_0.33821341140965044': <function gsgp.<locals>.<dictcomp>.<lambda> at 0x000001DB68AD24D0>, 'constant__1.0': <function gsgp.<locals>.<dictcomp>.<lambda> at 0x000001DB68AD01F0>}, 'p_c': 0.9, 'init_depth': 4, 'init_pop_size': 200, 'p_test': 0.2}"
fc6f75b0-3d76-11f0-8e96-c0bfbe084630,"{'run_info': ['StandardGSGP', UUID('fc6f75b0-3d76-11f0-8e96-c0bfbe084630'), 'sustavianfeed'], 'reconstruct': True, 'n_jobs': 1, 'n_iter': 20, 'elitism': True, 'n_elites': 2, 'log': 2, 'verbose': 1, 'ffunction': <function rmse at 0x000001DB67656E60>, 'test_elite': True, 'log_path': './results/GSGP/logs_best_params_fold_2', 'selector': <function tournament_selection_min.<locals>.ts at 0x000001DB68C94DC0>, 'crossover': <function geometric_crossover at 0x000001DB676552D0>, 'mutator': <function standard_geometric_mutation at 0x000001DB67656C20>, 'settings_dict': {'p_test': 0.2}, 'find_elit_func': <function get_best_min at 0x000001DB67655EA0>, 'pop_size': 200, 'p_xo': 0.7, 'seed': 1111, 'initializer': <function grow at 0x000001DB67656560>, 'p_m': 0.30000000000000004, 'ms': <function generate_random_uniform.<locals>.generate_num at 0x000001DB6A0FF370>, 'FUNCTIONS': {'add': {'function': <built-in method add of type object at 0x00007FFC3F28ED40>, 'arity': 2}, 'subtract': {'function': <built-in method sub of type object at 0x00007FFC3F28ED40>, 'arity': 2}}, 'CONSTANTS': {'constant_0.21760077176688164': <function gsgp.<locals>.<dictcomp>.<lambda> at 0x000001DB6A0FE950>, 'constant_0.3443807346030824': <function gsgp.<locals>.<dictcomp>.<lambda> at 0x000001DB6A0FE5F0>, 'constant_0.6422536234699076': <function gsgp.<locals>.<dictcomp>.<lambda> at 0x000001DB6A0FF490>, 'constant_0.36413206493253214': <function gsgp.<locals>.<dictcomp>.<lambda> at 0x000001DB6A0FDF30>, 'constant_0.08358916437841302': <function gsgp.<locals>.<dictcomp>.<lambda> at 0x000001DB6A0FEB90>, 'constant_0.5040914040192876': <function gsgp.<locals>.<dictcomp>.<lambda> at 0x000001DB6A0FFD90>, 'constant_0.18743462930144428': <function gsgp.<locals>.<dictcomp>.<lambda> at 0x000001DB6A0FE4D0>, 'constant_0.8842252761132199': <function gsgp.<locals>.<dictcomp>.<lambda> at 0x000001DB6A0FED40>, 'constant_0.33821341140965044': <function gsgp.<locals>.<dictcomp>.<lambda> at 0x000001DB6A0FE320>, 'constant__1.0': <function gsgp.<locals>.<dictcomp>.<lambda> at 0x000001DB6A0FEF80>}, 'p_c': 0.9, 'init_depth': 4, 'init_pop_size': 200, 'p_test': 0.2}"
62d2e21a-3d77-11f0-b4e2-c0bfbe084630,"{'run_info': ['StandardGSGP', UUID('62d2e21a-3d77-11f0-b4e2-c0bfbe084630'), 'sustavianfeed'], 'reconstruct': True, 'n_jobs': 1, 'n_iter': 20, 'elitism': True, 'n_elites': 2, 'log': 2, 'verbose': 1, 'ffunction': <function rmse at 0x000001DB67656E60>, 'test_elite': True, 'log_path': './results/GSGP/logs_best_params_fold_3', 'selector': <function tournament_selection_min.<locals>.ts at 0x000001DB68C94DC0>, 'crossover': <function geometric_crossover at 0x000001DB676552D0>, 'mutator': <function standard_geometric_mutation at 0x000001DB67656C20>, 'settings_dict': {'p_test': 0.2}, 'find_elit_func': <function get_best_min at 0x000001DB67655EA0>, 'pop_size': 200, 'p_xo': 0.7, 'seed': 1111, 'initializer': <function rhh at 0x000001DB676568C0>, 'p_m': 0.30000000000000004, 'ms': <function generate_random_uniform.<locals>.generate_num at 0x000001DB6A2D3A30>, 'FUNCTIONS': {'add': {'function': <built-in method add of type object at 0x00007FFC3F28ED40>, 'arity': 2}, 'subtract': {'function': <built-in method sub of type object at 0x00007FFC3F28ED40>, 'arity': 2}}, 'CONSTANTS': {'constant_0.21760077176688164': <function gsgp.<locals>.<dictcomp>.<lambda> at 0x000001DB6A2D36D0>, 'constant_0.3443807346030824': <function gsgp.<locals>.<dictcomp>.<lambda> at 0x000001DB6A2D3AC0>, 'constant_0.6422536234699076': <function gsgp.<locals>.<dictcomp>.<lambda> at 0x000001DB6A2D1B40>, 'constant_0.36413206493253214': <function gsgp.<locals>.<dictcomp>.<lambda> at 0x000001DB6A2D2320>, 'constant_0.08358916437841302': <function gsgp.<locals>.<dictcomp>.<lambda> at 0x000001DB6A2D2C20>, 'constant_0.5040914040192876': <function gsgp.<locals>.<dictcomp>.<lambda> at 0x000001DB6A2D0AF0>, 'constant_0.18743462930144428': <function gsgp.<locals>.<dictcomp>.<lambda> at 0x000001DB6A2D2E60>, 'constant_0.8842252761132199': <function gsgp.<locals>.<dictcomp>.<lambda> at 0x000001DB6A2D3BE0>, 'constant_0.33821341140965044': <function gsgp.<locals>.<dictcomp>.<lambda> at 0x000001DB6A2D2EF0>, 'constant__1.0': <function gsgp.<locals>.<dictcomp>.<lambda> at 0x000001DB6A2D13F0>}, 'p_c': 0.9, 'init_depth': 4, 'init_pop_size': 200, 'p_test': 0.2}"
e8a8b398-3d77-11f0-8633-c0bfbe084630,"{'run_info': ['StandardGSGP', UUID('e8a8b398-3d77-11f0-8633-c0bfbe084630'), 'sustavianfeed'], 'reconstruct': True, 'n_jobs': 1, 'n_iter': 20, 'elitism': True, 'n_elites': 2, 'log': 2, 'verbose': 1, 'ffunction': <function rmse at 0x000001DB67656E60>, 'test_elite': True, 'log_path': './results/GSGP/logs_best_params_fold_4', 'selector': <function tournament_selection_min.<locals>.ts at 0x000001DB6A20BD90>, 'crossover': <function geometric_crossover at 0x000001DB676552D0>, 'mutator': <function standard_geometric_mutation at 0x000001DB67656C20>, 'settings_dict': {'p_test': 0.2}, 'find_elit_func': <function get_best_min at 0x000001DB67655EA0>, 'pop_size': 200, 'p_xo': 0.7, 'seed': 1111, 'initializer': <function rhh at 0x000001DB676568C0>, 'p_m': 0.30000000000000004, 'ms': <function generate_random_uniform.<locals>.generate_num at 0x000001DB6A2D13F0>, 'FUNCTIONS': {'add': {'function': <built-in method add of type object at 0x00007FFC3F28ED40>, 'arity': 2}, 'subtract': {'function': <built-in method sub of type object at 0x00007FFC3F28ED40>, 'arity': 2}}, 'CONSTANTS': {'constant_0.21760077176688164': <function gsgp.<locals>.<dictcomp>.<lambda> at 0x000001DB6A2D3BE0>, 'constant_0.3443807346030824': <function gsgp.<locals>.<dictcomp>.<lambda> at 0x000001DB6A2D2E60>, 'constant_0.6422536234699076': <function gsgp.<locals>.<dictcomp>.<lambda> at 0x000001DB6A2D0AF0>, 'constant_0.36413206493253214': <function gsgp.<locals>.<dictcomp>.<lambda> at 0x000001DB6A2D2C20>, 'constant_0.08358916437841302': <function gsgp.<locals>.<dictcomp>.<lambda> at 0x000001DB6A2D2320>, 'constant_0.5040914040192876': <function gsgp.<locals>.<dictcomp>.<lambda> at 0x000001DB6A2D1B40>, 'constant_0.18743462930144428': <function gsgp.<locals>.<dictcomp>.<lambda> at 0x000001DB6A2D3AC0>, 'constant_0.8842252761132199': <function gsgp.<locals>.<dictcomp>.<lambda> at 0x000001DB6A2D36D0>, 'constant_0.33821341140965044': <function gsgp.<locals>.<dictcomp>.<lambda> at 0x000001DB6A2D0550>, 'constant__1.0': <function gsgp.<locals>.<dictcomp>.<lambda> at 0x000001DB6A2D1000>}, 'p_c': 0.9, 'init_depth': 4, 'init_pop_size': 200, 'p_test': 0.2}"
56b86f8e-3d78-11f0-a511-c0bfbe084630,"{'run_info': ['StandardGSGP', UUID('56b86f8e-3d78-11f0-a511-c0bfbe084630'), 'sustavianfeed'], 'reconstruct': True, 'n_jobs': 1, 'n_iter': 20, 'elitism': True, 'n_elites': 2, 'log': 2, 'verbose': 1, 'ffunction': <function rmse at 0x000001DB67656E60>, 'test_elite': True, 'log_path': './results/GSGP/logs_best_params_fold_5', 'selector': <function tournament_selection_min.<locals>.ts at 0x000001DB6A20BD90>, 'crossover': <function geometric_crossover at 0x000001DB676552D0>, 'mutator': <function standard_geometric_mutation at 0x000001DB67656C20>, 'settings_dict': {'p_test': 0.2}, 'find_elit_func': <function get_best_min at 0x000001DB67655EA0>, 'pop_size': 200, 'p_xo': 0.7, 'seed': 1111, 'initializer': <function rhh at 0x000001DB676568C0>, 'p_m': 0.30000000000000004, 'ms': <function generate_random_uniform.<locals>.generate_num at 0x000001DB6A0FF2E0>, 'FUNCTIONS': {'add': {'function': <built-in method add of type object at 0x00007FFC3F28ED40>, 'arity': 2}, 'subtract': {'function': <built-in method sub of type object at 0x00007FFC3F28ED40>, 'arity': 2}}, 'CONSTANTS': {'constant_0.21760077176688164': <function gsgp.<locals>.<dictcomp>.<lambda> at 0x000001DB6A22D900>, 'constant_0.3443807346030824': <function gsgp.<locals>.<dictcomp>.<lambda> at 0x000001DB6A22FB50>, 'constant_0.6422536234699076': <function gsgp.<locals>.<dictcomp>.<lambda> at 0x000001DB6A22FD90>, 'constant_0.36413206493253214': <function gsgp.<locals>.<dictcomp>.<lambda> at 0x000001DB6A22F490>, 'constant_0.08358916437841302': <function gsgp.<locals>.<dictcomp>.<lambda> at 0x000001DB6A22E560>, 'constant_0.5040914040192876': <function gsgp.<locals>.<dictcomp>.<lambda> at 0x000001DB6A22FAC0>, 'constant_0.18743462930144428': <function gsgp.<locals>.<dictcomp>.<lambda> at 0x000001DB6A22FE20>, 'constant_0.8842252761132199': <function gsgp.<locals>.<dictcomp>.<lambda> at 0x000001DB6A22EB90>, 'constant_0.33821341140965044': <function gsgp.<locals>.<dictcomp>.<lambda> at 0x000001DB6A22F5B0>, 'constant__1.0': <function gsgp.<locals>.<dictcomp>.<lambda> at 0x000001DB6A22F1C0>}, 'p_c': 0.9, 'init_depth': 4, 'init_pop_size': 200, 'p_test': 0.2}"
9a6b577a-3d78-11f0-8d75-c0bfbe084630,"{'run_info': ['StandardGSGP', UUID('9a6b577a-3d78-11f0-8d75-c0bfbe084630'), 'sustavianfeed'], 'reconstruct': True, 'n_jobs': 1, 'n_iter': 20, 'elitism': True, 'n_elites': 2, 'log': 2, 'verbose': 1, 'ffunction': <function rmse at 0x000001DB67656E60>, 'test_elite': True, 'log_path': './results/GSGP/logs_best_params_fold_6', 'selector': <function tournament_selection_min.<locals>.ts at 0x000001DB6A20BD90>, 'crossover': <function geometric_crossover at 0x000001DB676552D0>, 'mutator': <function standard_geometric_mutation at 0x000001DB67656C20>, 'settings_dict': {'p_test': 0.2}, 'find_elit_func': <function get_best_min at 0x000001DB67655EA0>, 'pop_size': 200, 'p_xo': 0.7, 'seed': 1111, 'initializer': <function rhh at 0x000001DB676568C0>, 'p_m': 0.30000000000000004, 'ms': <function generate_random_uniform.<locals>.generate_num at 0x000001DB6A128550>, 'FUNCTIONS': {'add': {'function': <built-in method add of type object at 0x00007FFC3F28ED40>, 'arity': 2}, 'subtract': {'function': <built-in method sub of type object at 0x00007FFC3F28ED40>, 'arity': 2}}, 'CONSTANTS': {'constant_0.21760077176688164': <function gsgp.<locals>.<dictcomp>.<lambda> at 0x000001DB6A12A710>, 'constant_0.3443807346030824': <function gsgp.<locals>.<dictcomp>.<lambda> at 0x000001DB6A1296C0>, 'constant_0.6422536234699076': <function gsgp.<locals>.<dictcomp>.<lambda> at 0x000001DB6A129900>, 'constant_0.36413206493253214': <function gsgp.<locals>.<dictcomp>.<lambda> at 0x000001DB6A12A0E0>, 'constant_0.08358916437841302': <function gsgp.<locals>.<dictcomp>.<lambda> at 0x000001DB6A129EA0>, 'constant_0.5040914040192876': <function gsgp.<locals>.<dictcomp>.<lambda> at 0x000001DB6A12A3B0>, 'constant_0.18743462930144428': <function gsgp.<locals>.<dictcomp>.<lambda> at 0x000001DB6A128280>, 'constant_0.8842252761132199': <function gsgp.<locals>.<dictcomp>.<lambda> at 0x000001DB6A129FC0>, 'constant_0.33821341140965044': <function gsgp.<locals>.<dictcomp>.<lambda> at 0x000001DB6A129630>, 'constant__1.0': <function gsgp.<locals>.<dictcomp>.<lambda> at 0x000001DB6A12A950>}, 'p_c': 0.9, 'init_depth': 4, 'init_pop_size': 200, 'p_test': 0.2}"
ddbb1187-3d78-11f0-8d75-c0bfbe084630,"{'run_info': ['StandardGSGP', UUID('ddbb1187-3d78-11f0-8d75-c0bfbe084630'), 'sustavianfeed'], 'reconstruct': True, 'n_jobs': 1, 'n_iter': 20, 'elitism': True, 'n_elites': 2, 'log': 2, 'verbose': 1, 'ffunction': <function rmse at 0x000001DB67656E60>, 'test_elite': True, 'log_path': './results/GSGP/logs_best_params_fold_7', 'selector': <function tournament_selection_min.<locals>.ts at 0x000001DB67657EB0>, 'crossover': <function geometric_crossover at 0x000001DB676552D0>, 'mutator': <function standard_geometric_mutation at 0x000001DB67656C20>, 'settings_dict': {'p_test': 0.2}, 'find_elit_func': <function get_best_min at 0x000001DB67655EA0>, 'pop_size': 200, 'p_xo': 0.7, 'seed': 1111, 'initializer': <function rhh at 0x000001DB676568C0>, 'p_m': 0.30000000000000004, 'ms': <function generate_random_uniform.<locals>.generate_num at 0x000001DB6A2EE8C0>, 'FUNCTIONS': {'add': {'function': <built-in method add of type object at 0x00007FFC3F28ED40>, 'arity': 2}, 'subtract': {'function': <built-in method sub of type object at 0x00007FFC3F28ED40>, 'arity': 2}}, 'CONSTANTS': {'constant_0.21760077176688164': <function gsgp.<locals>.<dictcomp>.<lambda> at 0x000001DB6A2EFF40>, 'constant_0.3443807346030824': <function gsgp.<locals>.<dictcomp>.<lambda> at 0x000001DB6A2EEA70>, 'constant_0.6422536234699076': <function gsgp.<locals>.<dictcomp>.<lambda> at 0x000001DB6A2EC3A0>, 'constant_0.36413206493253214': <function gsgp.<locals>.<dictcomp>.<lambda> at 0x000001DB6A2EC1F0>, 'constant_0.08358916437841302': <function gsgp.<locals>.<dictcomp>.<lambda> at 0x000001DB6A2EE3B0>, 'constant_0.5040914040192876': <function gsgp.<locals>.<dictcomp>.<lambda> at 0x000001DB6A2ED3F0>, 'constant_0.18743462930144428': <function gsgp.<locals>.<dictcomp>.<lambda> at 0x000001DB6A2ECC10>, 'constant_0.8842252761132199': <function gsgp.<locals>.<dictcomp>.<lambda> at 0x000001DB6A2ED360>, 'constant_0.33821341140965044': <function gsgp.<locals>.<dictcomp>.<lambda> at 0x000001DB6A2EC310>, 'constant__1.0': <function gsgp.<locals>.<dictcomp>.<lambda> at 0x000001DB6A2ED2D0>}, 'p_c': 0.9, 'init_depth': 4, 'init_pop_size': 200, 'p_test': 0.2}"
1f67056a-3d79-11f0-8d75-c0bfbe084630,"{'run_info': ['StandardGSGP', UUID('1f67056a-3d79-11f0-8d75-c0bfbe084630'), 'sustavianfeed'], 'reconstruct': True, 'n_jobs': 1, 'n_iter': 20, 'elitism': True, 'n_elites': 2, 'log': 2, 'verbose': 1, 'ffunction': <function rmse at 0x000001DB67656E60>, 'test_elite': True, 'log_path': './results/GSGP/logs_best_params_fold_8', 'selector': <function tournament_selection_min.<locals>.ts at 0x000001DB67657EB0>, 'crossover': <function geometric_crossover at 0x000001DB676552D0>, 'mutator': <function standard_geometric_mutation at 0x000001DB67656C20>, 'settings_dict': {'p_test': 0.2}, 'find_elit_func': <function get_best_min at 0x000001DB67655EA0>, 'pop_size': 200, 'p_xo': 0.7, 'seed': 1111, 'initializer': <function rhh at 0x000001DB676568C0>, 'p_m': 0.30000000000000004, 'ms': <function generate_random_uniform.<locals>.generate_num at 0x000001DB6A129EA0>, 'FUNCTIONS': {'add': {'function': <built-in method add of type object at 0x00007FFC3F28ED40>, 'arity': 2}, 'subtract': {'function': <built-in method sub of type object at 0x00007FFC3F28ED40>, 'arity': 2}}, 'CONSTANTS': {'constant_0.21760077176688164': <function gsgp.<locals>.<dictcomp>.<lambda> at 0x000001DB6A128CA0>, 'constant_0.3443807346030824': <function gsgp.<locals>.<dictcomp>.<lambda> at 0x000001DB6A1288B0>, 'constant_0.6422536234699076': <function gsgp.<locals>.<dictcomp>.<lambda> at 0x000001DB6A128B80>, 'constant_0.36413206493253214': <function gsgp.<locals>.<dictcomp>.<lambda> at 0x000001DB6A12ACB0>, 'constant_0.08358916437841302': <function gsgp.<locals>.<dictcomp>.<lambda> at 0x000001DB6A129480>, 'constant_0.5040914040192876': <function gsgp.<locals>.<dictcomp>.<lambda> at 0x000001DB6A0FF7F0>, 'constant_0.18743462930144428': <function gsgp.<locals>.<dictcomp>.<lambda> at 0x000001DB6A0FECB0>, 'constant_0.8842252761132199': <function gsgp.<locals>.<dictcomp>.<lambda> at 0x000001DB6A0FE680>, 'constant_0.33821341140965044': <function gsgp.<locals>.<dictcomp>.<lambda> at 0x000001DB6A0FE830>, 'constant__1.0': <function gsgp.<locals>.<dictcomp>.<lambda> at 0x000001DB6A0FEA70>}, 'p_c': 0.9, 'init_depth': 4, 'init_pop_size': 200, 'p_test': 0.2}"
6b367c84-3d79-11f0-8e96-c0bfbe084630,"{'run_info': ['StandardGSGP', UUID('6b367c84-3d79-11f0-8e96-c0bfbe084630'), 'sustavianfeed'], 'reconstruct': True, 'n_jobs': 1, 'n_iter': 20, 'elitism': True, 'n_elites': 2, 'log': 2, 'verbose': 1, 'ffunction': <function rmse at 0x000001DB67656E60>, 'test_elite': True, 'log_path': './results/GSGP/logs_best_params_fold_9', 'selector': <function tournament_selection_min.<locals>.ts at 0x000001DB67657EB0>, 'crossover': <function geometric_crossover at 0x000001DB676552D0>, 'mutator': <function standard_geometric_mutation at 0x000001DB67656C20>, 'settings_dict': {'p_test': 0.2}, 'find_elit_func': <function get_best_min at 0x000001DB67655EA0>, 'pop_size': 200, 'p_xo': 0.7, 'seed': 1111, 'initializer': <function grow at 0x000001DB67656560>, 'p_m': 0.30000000000000004, 'ms': <function generate_random_uniform.<locals>.generate_num at 0x000001DB6A22ED40>, 'FUNCTIONS': {'add': {'function': <built-in method add of type object at 0x00007FFC3F28ED40>, 'arity': 2}, 'subtract': {'function': <built-in method sub of type object at 0x00007FFC3F28ED40>, 'arity': 2}}, 'CONSTANTS': {'constant_0.21760077176688164': <function gsgp.<locals>.<dictcomp>.<lambda> at 0x000001DB6A22F010>, 'constant_0.3443807346030824': <function gsgp.<locals>.<dictcomp>.<lambda> at 0x000001DB6A2D0940>, 'constant_0.6422536234699076': <function gsgp.<locals>.<dictcomp>.<lambda> at 0x000001DB6A2D0E50>, 'constant_0.36413206493253214': <function gsgp.<locals>.<dictcomp>.<lambda> at 0x000001DB6A2D17E0>, 'constant_0.08358916437841302': <function gsgp.<locals>.<dictcomp>.<lambda> at 0x000001DB6A2D3400>, 'constant_0.5040914040192876': <function gsgp.<locals>.<dictcomp>.<lambda> at 0x000001DB6A2D27A0>, 'constant_0.18743462930144428': <function gsgp.<locals>.<dictcomp>.<lambda> at 0x000001DB6A2D0F70>, 'constant_0.8842252761132199': <function gsgp.<locals>.<dictcomp>.<lambda> at 0x000001DB6A2D2EF0>, 'constant_0.33821341140965044': <function gsgp.<locals>.<dictcomp>.<lambda> at 0x000001DB6A2D2440>, 'constant__1.0': <function gsgp.<locals>.<dictcomp>.<lambda> at 0x000001DB6A2D1360>}, 'p_c': 0.9, 'init_depth': 4, 'init_pop_size': 200, 'p_test': 0.2}"
e360e830-3d88-11f0-8d75-c0bfbe084630,"{'run_info': ['StandardGSGP', UUID('e360e830-3d88-11f0-8d75-c0bfbe084630'), 'sustavianfeed'], 'reconstruct': True, 'n_jobs': 1, 'n_iter': 20, 'elitism': True, 'n_elites': 2, 'log': 2, 'verbose': 1, 'ffunction': <function rmse at 0x00000143B3ACE9E0>, 'test_elite': True, 'log_path': './results/GSGP/logs_best_params_fold_1', 'selector': <function tournament_selection_min.<locals>.ts at 0x00000143B3ACF010>, 'crossover': <function geometric_crossover at 0x00000143B3ACCE50>, 'mutator': <function standard_geometric_mutation at 0x00000143B3ACE7A0>, 'settings_dict': {'p_test': 0.2}, 'find_elit_func': <function get_best_min at 0x00000143B3ACDA20>, 'pop_size': 200, 'p_xo': 0.7, 'seed': 1111, 'initializer': <function rhh at 0x00000143B3ACE440>, 'p_m': 0.30000000000000004, 'ms': <function generate_random_uniform.<locals>.generate_num at 0x00000143B63967A0>, 'FUNCTIONS': {'add': {'function': <built-in method add of type object at 0x00007FFC3F28ED40>, 'arity': 2}, 'subtract': {'function': <built-in method sub of type object at 0x00007FFC3F28ED40>, 'arity': 2}}, 'CONSTANTS': {'constant_0.21760077176688164': <function gsgp.<locals>.<dictcomp>.<lambda> at 0x00000143B6397F40>, 'constant_0.3443807346030824': <function gsgp.<locals>.<dictcomp>.<lambda> at 0x00000143B6397400>, 'constant_0.6422536234699076': <function gsgp.<locals>.<dictcomp>.<lambda> at 0x00000143B6395C60>, 'constant_0.36413206493253214': <function gsgp.<locals>.<dictcomp>.<lambda> at 0x00000143B6395FC0>, 'constant_0.08358916437841302': <function gsgp.<locals>.<dictcomp>.<lambda> at 0x00000143B6396950>, 'constant_0.5040914040192876': <function gsgp.<locals>.<dictcomp>.<lambda> at 0x00000143B6395A20>, 'constant_0.18743462930144428': <function gsgp.<locals>.<dictcomp>.<lambda> at 0x00000143B6397760>, 'constant_0.8842252761132199': <function gsgp.<locals>.<dictcomp>.<lambda> at 0x00000143B6396DD0>, 'constant_0.33821341140965044': <function gsgp.<locals>.<dictcomp>.<lambda> at 0x00000143B63948B0>, 'constant__1.0': <function gsgp.<locals>.<dictcomp>.<lambda> at 0x00000143B6394280>}, 'p_c': 0.9, 'init_depth': 4, 'init_pop_size': 200, 'p_test': 0.2}"
48c9faeb-3d8a-11f0-8e96-c0bfbe084630,"{'run_info': ['StandardGSGP', UUID('48c9faeb-3d8a-11f0-8e96-c0bfbe084630'), 'sustavianfeed'], 'reconstruct': True, 'n_jobs': 1, 'n_iter': 20, 'elitism': True, 'n_elites': 2, 'log': 2, 'verbose': 1, 'ffunction': <function rmse at 0x00000143B3ACE9E0>, 'test_elite': True, 'log_path': './results/GSGP/logs_best_params_fold_2', 'selector': <function tournament_selection_min.<locals>.ts at 0x00000143B3ACF010>, 'crossover': <function geometric_crossover at 0x00000143B3ACCE50>, 'mutator': <function standard_geometric_mutation at 0x00000143B3ACE7A0>, 'settings_dict': {'p_test': 0.2}, 'find_elit_func': <function get_best_min at 0x00000143B3ACDA20>, 'pop_size': 200, 'p_xo': 0.7, 'seed': 1111, 'initializer': <function grow at 0x00000143B3ACE0E0>, 'p_m': 0.30000000000000004, 'ms': <function generate_random_uniform.<locals>.generate_num at 0x00000143B6154F70>, 'FUNCTIONS': {'add': {'function': <built-in method add of type object at 0x00007FFC3F28ED40>, 'arity': 2}, 'subtract': {'function': <built-in method sub of type object at 0x00007FFC3F28ED40>, 'arity': 2}}, 'CONSTANTS': {'constant_0.21760077176688164': <function gsgp.<locals>.<dictcomp>.<lambda> at 0x00000143B6157C70>, 'constant_0.3443807346030824': <function gsgp.<locals>.<dictcomp>.<lambda> at 0x00000143B6156E60>, 'constant_0.6422536234699076': <function gsgp.<locals>.<dictcomp>.<lambda> at 0x00000143B6155F30>, 'constant_0.36413206493253214': <function gsgp.<locals>.<dictcomp>.<lambda> at 0x00000143B6155FC0>, 'constant_0.08358916437841302': <function gsgp.<locals>.<dictcomp>.<lambda> at 0x00000143B61549D0>, 'constant_0.5040914040192876': <function gsgp.<locals>.<dictcomp>.<lambda> at 0x00000143B6157370>, 'constant_0.18743462930144428': <function gsgp.<locals>.<dictcomp>.<lambda> at 0x00000143B61579A0>, 'constant_0.8842252761132199': <function gsgp.<locals>.<dictcomp>.<lambda> at 0x00000143B6155B40>, 'constant_0.33821341140965044': <function gsgp.<locals>.<dictcomp>.<lambda> at 0x00000143B61570A0>, 'constant__1.0': <function gsgp.<locals>.<dictcomp>.<lambda> at 0x00000143B6154C10>}, 'p_c': 0.9, 'init_depth': 4, 'init_pop_size': 200, 'p_test': 0.2}"
96b9114e-3d8a-11f0-b4e2-c0bfbe084630,"{'run_info': ['StandardGSGP', UUID('96b9114e-3d8a-11f0-b4e2-c0bfbe084630'), 'sustavianfeed'], 'reconstruct': True, 'n_jobs': 1, 'n_iter': 20, 'elitism': True, 'n_elites': 2, 'log': 2, 'verbose': 1, 'ffunction': <function rmse at 0x00000143B3ACE9E0>, 'test_elite': True, 'log_path': './results/GSGP/logs_best_params_fold_3', 'selector': <function tournament_selection_min.<locals>.ts at 0x00000143B3ACF010>, 'crossover': <function geometric_crossover at 0x00000143B3ACCE50>, 'mutator': <function standard_geometric_mutation at 0x00000143B3ACE7A0>, 'settings_dict': {'p_test': 0.2}, 'find_elit_func': <function get_best_min at 0x00000143B3ACDA20>, 'pop_size': 200, 'p_xo': 0.7, 'seed': 1111, 'initializer': <function rhh at 0x00000143B3ACE440>, 'p_m': 0.30000000000000004, 'ms': <function generate_random_uniform.<locals>.generate_num at 0x00000143B6154C10>, 'FUNCTIONS': {'add': {'function': <built-in method add of type object at 0x00007FFC3F28ED40>, 'arity': 2}, 'subtract': {'function': <built-in method sub of type object at 0x00007FFC3F28ED40>, 'arity': 2}}, 'CONSTANTS': {'constant_0.21760077176688164': <function gsgp.<locals>.<dictcomp>.<lambda> at 0x00000143B6155B40>, 'constant_0.3443807346030824': <function gsgp.<locals>.<dictcomp>.<lambda> at 0x00000143B61579A0>, 'constant_0.6422536234699076': <function gsgp.<locals>.<dictcomp>.<lambda> at 0x00000143B6157370>, 'constant_0.36413206493253214': <function gsgp.<locals>.<dictcomp>.<lambda> at 0x00000143B61549D0>, 'constant_0.08358916437841302': <function gsgp.<locals>.<dictcomp>.<lambda> at 0x00000143B6155FC0>, 'constant_0.5040914040192876': <function gsgp.<locals>.<dictcomp>.<lambda> at 0x00000143B6155F30>, 'constant_0.18743462930144428': <function gsgp.<locals>.<dictcomp>.<lambda> at 0x00000143B6156E60>, 'constant_0.8842252761132199': <function gsgp.<locals>.<dictcomp>.<lambda> at 0x00000143B6157C70>, 'constant_0.33821341140965044': <function gsgp.<locals>.<dictcomp>.<lambda> at 0x00000143B6154790>, 'constant__1.0': <function gsgp.<locals>.<dictcomp>.<lambda> at 0x00000143B6157910>}, 'p_c': 0.9, 'init_depth': 4, 'init_pop_size': 200, 'p_test': 0.2}"
e65d14f5-3d8a-11f0-8633-c0bfbe084630,"{'run_info': ['StandardGSGP', UUID('e65d14f5-3d8a-11f0-8633-c0bfbe084630'), 'sustavianfeed'], 'reconstruct': True, 'n_jobs': 1, 'n_iter': 20, 'elitism': True, 'n_elites': 2, 'log': 2, 'verbose': 1, 'ffunction': <function rmse at 0x00000143B3ACE9E0>, 'test_elite': True, 'log_path': './results/GSGP/logs_best_params_fold_4', 'selector': <function tournament_selection_min.<locals>.ts at 0x00000143B3ACF010>, 'crossover': <function geometric_crossover at 0x00000143B3ACCE50>, 'mutator': <function standard_geometric_mutation at 0x00000143B3ACE7A0>, 'settings_dict': {'p_test': 0.2}, 'find_elit_func': <function get_best_min at 0x00000143B3ACDA20>, 'pop_size': 200, 'p_xo': 0.7, 'seed': 1111, 'initializer': <function rhh at 0x00000143B3ACE440>, 'p_m': 0.30000000000000004, 'ms': <function generate_random_uniform.<locals>.generate_num at 0x00000143B6157910>, 'FUNCTIONS': {'add': {'function': <built-in method add of type object at 0x00007FFC3F28ED40>, 'arity': 2}, 'subtract': {'function': <built-in method sub of type object at 0x00007FFC3F28ED40>, 'arity': 2}}, 'CONSTANTS': {'constant_0.21760077176688164': <function gsgp.<locals>.<dictcomp>.<lambda> at 0x00000143B6157C70>, 'constant_0.3443807346030824': <function gsgp.<locals>.<dictcomp>.<lambda> at 0x00000143B6156E60>, 'constant_0.6422536234699076': <function gsgp.<locals>.<dictcomp>.<lambda> at 0x00000143B6155F30>, 'constant_0.36413206493253214': <function gsgp.<locals>.<dictcomp>.<lambda> at 0x00000143B6155FC0>, 'constant_0.08358916437841302': <function gsgp.<locals>.<dictcomp>.<lambda> at 0x00000143B61549D0>, 'constant_0.5040914040192876': <function gsgp.<locals>.<dictcomp>.<lambda> at 0x00000143B6157370>, 'constant_0.18743462930144428': <function gsgp.<locals>.<dictcomp>.<lambda> at 0x00000143B61579A0>, 'constant_0.8842252761132199': <function gsgp.<locals>.<dictcomp>.<lambda> at 0x00000143B6155B40>, 'constant_0.33821341140965044': <function gsgp.<locals>.<dictcomp>.<lambda> at 0x00000143B61555A0>, 'constant__1.0': <function gsgp.<locals>.<dictcomp>.<lambda> at 0x00000143B6154CA0>}, 'p_c': 0.9, 'init_depth': 4, 'init_pop_size': 200, 'p_test': 0.2}"
3572e9e1-3d8b-11f0-a511-c0bfbe084630,"{'run_info': ['StandardGSGP', UUID('3572e9e1-3d8b-11f0-a511-c0bfbe084630'), 'sustavianfeed'], 'reconstruct': True, 'n_jobs': 1, 'n_iter': 20, 'elitism': True, 'n_elites': 2, 'log': 2, 'verbose': 1, 'ffunction': <function rmse at 0x00000143B3ACE9E0>, 'test_elite': True, 'log_path': './results/GSGP/logs_best_params_fold_5', 'selector': <function tournament_selection_min.<locals>.ts at 0x00000143B604CF70>, 'crossover': <function geometric_crossover at 0x00000143B3ACCE50>, 'mutator': <function standard_geometric_mutation at 0x00000143B3ACE7A0>, 'settings_dict': {'p_test': 0.2}, 'find_elit_func': <function get_best_min at 0x00000143B3ACDA20>, 'pop_size': 200, 'p_xo': 0.7, 'seed': 1111, 'initializer': <function rhh at 0x00000143B3ACE440>, 'p_m': 0.30000000000000004, 'ms': <function generate_random_uniform.<locals>.generate_num at 0x00000143B6397250>, 'FUNCTIONS': {'add': {'function': <built-in method add of type object at 0x00007FFC3F28ED40>, 'arity': 2}, 'subtract': {'function': <built-in method sub of type object at 0x00007FFC3F28ED40>, 'arity': 2}}, 'CONSTANTS': {'constant_0.21760077176688164': <function gsgp.<locals>.<dictcomp>.<lambda> at 0x00000143B6396D40>, 'constant_0.3443807346030824': <function gsgp.<locals>.<dictcomp>.<lambda> at 0x00000143B6396CB0>, 'constant_0.6422536234699076': <function gsgp.<locals>.<dictcomp>.<lambda> at 0x00000143B6397910>, 'constant_0.36413206493253214': <function gsgp.<locals>.<dictcomp>.<lambda> at 0x00000143B6397370>, 'constant_0.08358916437841302': <function gsgp.<locals>.<dictcomp>.<lambda> at 0x00000143B63971C0>, 'constant_0.5040914040192876': <function gsgp.<locals>.<dictcomp>.<lambda> at 0x00000143B6397F40>, 'constant_0.18743462930144428': <function gsgp.<locals>.<dictcomp>.<lambda> at 0x00000143B6395870>, 'constant_0.8842252761132199': <function gsgp.<locals>.<dictcomp>.<lambda> at 0x00000143B6395630>, 'constant_0.33821341140965044': <function gsgp.<locals>.<dictcomp>.<lambda> at 0x00000143B6395EA0>, 'constant__1.0': <function gsgp.<locals>.<dictcomp>.<lambda> at 0x00000143B6396440>}, 'p_c': 0.9, 'init_depth': 4, 'init_pop_size': 200, 'p_test': 0.2}"
87d8c592-3d8b-11f0-8d75-c0bfbe084630,"{'run_info': ['StandardGSGP', UUID('87d8c592-3d8b-11f0-8d75-c0bfbe084630'), 'sustavianfeed'], 'reconstruct': True, 'n_jobs': 1, 'n_iter': 20, 'elitism': True, 'n_elites': 2, 'log': 2, 'verbose': 1, 'ffunction': <function rmse at 0x00000143B3ACE9E0>, 'test_elite': True, 'log_path': './results/GSGP/logs_best_params_fold_6', 'selector': <function tournament_selection_min.<locals>.ts at 0x00000143B3ACF010>, 'crossover': <function geometric_crossover at 0x00000143B3ACCE50>, 'mutator': <function standard_geometric_mutation at 0x00000143B3ACE7A0>, 'settings_dict': {'p_test': 0.2}, 'find_elit_func': <function get_best_min at 0x00000143B3ACDA20>, 'pop_size': 200, 'p_xo': 0.7, 'seed': 1111, 'initializer': <function rhh at 0x00000143B3ACE440>, 'p_m': 0.30000000000000004, 'ms': <function generate_random_uniform.<locals>.generate_num at 0x00000143B6396440>, 'FUNCTIONS': {'add': {'function': <built-in method add of type object at 0x00007FFC3F28ED40>, 'arity': 2}, 'subtract': {'function': <built-in method sub of type object at 0x00007FFC3F28ED40>, 'arity': 2}}, 'CONSTANTS': {'constant_0.21760077176688164': <function gsgp.<locals>.<dictcomp>.<lambda> at 0x00000143B6395630>, 'constant_0.3443807346030824': <function gsgp.<locals>.<dictcomp>.<lambda> at 0x00000143B6395870>, 'constant_0.6422536234699076': <function gsgp.<locals>.<dictcomp>.<lambda> at 0x00000143B6397F40>, 'constant_0.36413206493253214': <function gsgp.<locals>.<dictcomp>.<lambda> at 0x00000143B63971C0>, 'constant_0.08358916437841302': <function gsgp.<locals>.<dictcomp>.<lambda> at 0x00000143B6397370>, 'constant_0.5040914040192876': <function gsgp.<locals>.<dictcomp>.<lambda> at 0x00000143B6397910>, 'constant_0.18743462930144428': <function gsgp.<locals>.<dictcomp>.<lambda> at 0x00000143B6396CB0>, 'constant_0.8842252761132199': <function gsgp.<locals>.<dictcomp>.<lambda> at 0x00000143B6396D40>, 'constant_0.33821341140965044': <function gsgp.<locals>.<dictcomp>.<lambda> at 0x00000143B6396E60>, 'constant__1.0': <function gsgp.<locals>.<dictcomp>.<lambda> at 0x00000143B6395C60>}, 'p_c': 0.9, 'init_depth': 4, 'init_pop_size': 200, 'p_test': 0.2}"
d6f940f3-3d8b-11f0-8d75-c0bfbe084630,"{'run_info': ['StandardGSGP', UUID('d6f940f3-3d8b-11f0-8d75-c0bfbe084630'), 'sustavianfeed'], 'reconstruct': True, 'n_jobs': 1, 'n_iter': 20, 'elitism': True, 'n_elites': 2, 'log': 2, 'verbose': 1, 'ffunction': <function rmse at 0x00000143B3ACE9E0>, 'test_elite': True, 'log_path': './results/GSGP/logs_best_params_fold_7', 'selector': <function tournament_selection_min.<locals>.ts at 0x00000143B3ACF010>, 'crossover': <function geometric_crossover at 0x00000143B3ACCE50>, 'mutator': <function standard_geometric_mutation at 0x00000143B3ACE7A0>, 'settings_dict': {'p_test': 0.2}, 'find_elit_func': <function get_best_min at 0x00000143B3ACDA20>, 'pop_size': 200, 'p_xo': 0.7, 'seed': 1111, 'initializer': <function rhh at 0x00000143B3ACE440>, 'p_m': 0.30000000000000004, 'ms': <function generate_random_uniform.<locals>.generate_num at 0x00000143B62AD510>, 'FUNCTIONS': {'add': {'function': <built-in method add of type object at 0x00007FFC3F28ED40>, 'arity': 2}, 'subtract': {'function': <built-in method sub of type object at 0x00007FFC3F28ED40>, 'arity': 2}}, 'CONSTANTS': {'constant_0.21760077176688164': <function gsgp.<locals>.<dictcomp>.<lambda> at 0x00000143B62ADCF0>, 'constant_0.3443807346030824': <function gsgp.<locals>.<dictcomp>.<lambda> at 0x00000143B62AEDD0>, 'constant_0.6422536234699076': <function gsgp.<locals>.<dictcomp>.<lambda> at 0x00000143B62ADF30>, 'constant_0.36413206493253214': <function gsgp.<locals>.<dictcomp>.<lambda> at 0x00000143B62ADFC0>, 'constant_0.08358916437841302': <function gsgp.<locals>.<dictcomp>.<lambda> at 0x00000143B62AC550>, 'constant_0.5040914040192876': <function gsgp.<locals>.<dictcomp>.<lambda> at 0x00000143B62AC700>, 'constant_0.18743462930144428': <function gsgp.<locals>.<dictcomp>.<lambda> at 0x00000143B62ADEA0>, 'constant_0.8842252761132199': <function gsgp.<locals>.<dictcomp>.<lambda> at 0x00000143B62AD2D0>, 'constant_0.33821341140965044': <function gsgp.<locals>.<dictcomp>.<lambda> at 0x00000143B62AD990>, 'constant__1.0': <function gsgp.<locals>.<dictcomp>.<lambda> at 0x00000143B62AC790>}, 'p_c': 0.9, 'init_depth': 4, 'init_pop_size': 200, 'p_test': 0.2}"
250446b2-3d8c-11f0-8d75-c0bfbe084630,"{'run_info': ['StandardGSGP', UUID('250446b2-3d8c-11f0-8d75-c0bfbe084630'), 'sustavianfeed'], 'reconstruct': True, 'n_jobs': 1, 'n_iter': 20, 'elitism': True, 'n_elites': 2, 'log': 2, 'verbose': 1, 'ffunction': <function rmse at 0x00000143B3ACE9E0>, 'test_elite': True, 'log_path': './results/GSGP/logs_best_params_fold_8', 'selector': <function tournament_selection_min.<locals>.ts at 0x00000143B604CF70>, 'crossover': <function geometric_crossover at 0x00000143B3ACCE50>, 'mutator': <function standard_geometric_mutation at 0x00000143B3ACE7A0>, 'settings_dict': {'p_test': 0.2}, 'find_elit_func': <function get_best_min at 0x00000143B3ACDA20>, 'pop_size': 200, 'p_xo': 0.7, 'seed': 1111, 'initializer': <function rhh at 0x00000143B3ACE440>, 'p_m': 0.30000000000000004, 'ms': <function generate_random_uniform.<locals>.generate_num at 0x00000143B62AC790>, 'FUNCTIONS': {'add': {'function': <built-in method add of type object at 0x00007FFC3F28ED40>, 'arity': 2}, 'subtract': {'function': <built-in method sub of type object at 0x00007FFC3F28ED40>, 'arity': 2}}, 'CONSTANTS': {'constant_0.21760077176688164': <function gsgp.<locals>.<dictcomp>.<lambda> at 0x00000143B62AD2D0>, 'constant_0.3443807346030824': <function gsgp.<locals>.<dictcomp>.<lambda> at 0x00000143B62ADEA0>, 'constant_0.6422536234699076': <function gsgp.<locals>.<dictcomp>.<lambda> at 0x00000143B62AC700>, 'constant_0.36413206493253214': <function gsgp.<locals>.<dictcomp>.<lambda> at 0x00000143B62AC550>, 'constant_0.08358916437841302': <function gsgp.<locals>.<dictcomp>.<lambda> at 0x00000143B62ADFC0>, 'constant_0.5040914040192876': <function gsgp.<locals>.<dictcomp>.<lambda> at 0x00000143B62ADF30>, 'constant_0.18743462930144428': <function gsgp.<locals>.<dictcomp>.<lambda> at 0x00000143B62AEDD0>, 'constant_0.8842252761132199': <function gsgp.<locals>.<dictcomp>.<lambda> at 0x00000143B62ADCF0>, 'constant_0.33821341140965044': <function gsgp.<locals>.<dictcomp>.<lambda> at 0x00000143B62ADBD0>, 'constant__1.0': <function gsgp.<locals>.<dictcomp>.<lambda> at 0x00000143B62AE830>}, 'p_c': 0.9, 'init_depth': 4, 'init_pop_size': 200, 'p_test': 0.2}"
710e9cc5-3d8c-11f0-8e96-c0bfbe084630,"{'run_info': ['StandardGSGP', UUID('710e9cc5-3d8c-11f0-8e96-c0bfbe084630'), 'sustavianfeed'], 'reconstruct': True, 'n_jobs': 1, 'n_iter': 20, 'elitism': True, 'n_elites': 2, 'log': 2, 'verbose': 1, 'ffunction': <function rmse at 0x00000143B3ACE9E0>, 'test_elite': True, 'log_path': './results/GSGP/logs_best_params_fold_9', 'selector': <function tournament_selection_min.<locals>.ts at 0x00000143B3ACF010>, 'crossover': <function geometric_crossover at 0x00000143B3ACCE50>, 'mutator': <function standard_geometric_mutation at 0x00000143B3ACE7A0>, 'settings_dict': {'p_test': 0.2}, 'find_elit_func': <function get_best_min at 0x00000143B3ACDA20>, 'pop_size': 200, 'p_xo': 0.7, 'seed': 1111, 'initializer': <function grow at 0x00000143B3ACE0E0>, 'p_m': 0.30000000000000004, 'ms': <function generate_random_uniform.<locals>.generate_num at 0x00000143B62AE830>, 'FUNCTIONS': {'add': {'function': <built-in method add of type object at 0x00007FFC3F28ED40>, 'arity': 2}, 'subtract': {'function': <built-in method sub of type object at 0x00007FFC3F28ED40>, 'arity': 2}}, 'CONSTANTS': {'constant_0.21760077176688164': <function gsgp.<locals>.<dictcomp>.<lambda> at 0x00000143B62ADCF0>, 'constant_0.3443807346030824': <function gsgp.<locals>.<dictcomp>.<lambda> at 0x00000143B62AEDD0>, 'constant_0.6422536234699076': <function gsgp.<locals>.<dictcomp>.<lambda> at 0x00000143B62ADF30>, 'constant_0.36413206493253214': <function gsgp.<locals>.<dictcomp>.<lambda> at 0x00000143B62ADFC0>, 'constant_0.08358916437841302': <function gsgp.<locals>.<dictcomp>.<lambda> at 0x00000143B62AC550>, 'constant_0.5040914040192876': <function gsgp.<locals>.<dictcomp>.<lambda> at 0x00000143B62AC700>, 'constant_0.18743462930144428': <function gsgp.<locals>.<dictcomp>.<lambda> at 0x00000143B62ADEA0>, 'constant_0.8842252761132199': <function gsgp.<locals>.<dictcomp>.<lambda> at 0x00000143B62AD2D0>, 'constant_0.33821341140965044': <function gsgp.<locals>.<dictcomp>.<lambda> at 0x00000143B62AF010>, 'constant__1.0': <function gsgp.<locals>.<dictcomp>.<lambda> at 0x00000143B62AD630>}, 'p_c': 0.9, 'init_depth': 4, 'init_pop_size': 200, 'p_test': 0.2}"
